UID,V2A1,V8,V9,V18A1,V18B1,V18F1,V18G1,V18Q1,V18J1,V18L1,V18M1,R4H1,R4H2,R4H3,R4M1,R4M2,R4M3,R4T1,R4T2,R4T3,TamHog,TamViv,A5_mean,A5_sd,Escolari_mean,Escolari_sd,REZ_ESC_mean,REZ_ESC_sd,Geovar,serv_domestico_total,pensionistas_total,ZONA_2,V1_2,V1_3,V1_4,V1_5,V1_6,V2A_2,V2A_3,V2A_4,V2A_5,V3_1,V3_2,V3_3,V3_4,V3_5,V3_6,V3_7,V3_8,V4_1,V4_2,V4_3,V4_4,V4_5,V5_1,V6_1,V6_2,V6_3,V6_4,V6_5,V7A_2,V7A_3,V7B_2,V7B_3,V7C_2,V7C_3,HacDor_2,HacApo_2,V11_1,V11_2,V11_3,V12_2,V12_3,V12_4,V12_5,V12_6,V12_7,V13A_1,V13A_2,V13A_3,V13A_4,V13A_5,V14A_1,V15_1,V15_2,V15_3,V15_4,V15_5,V15_6,V16_1,V16_2,V16_3,V17A_2,V17A_3,V17A_4,V17A_5,V17A_6,V18A_2,V18B_4,V18C_6,V18D_8,V18F_4,V18G_6,V18Q_2,V18J_4,V18L_8,V18M_2,V18O_4,V18P_6,V19_1,V19C_0,V19C_1,np,provincias,factor_exp,ZONA,str_prov,region_natural,str_rn,FamilyType,StrFamilyType,urban,income,pobreza,menores12,hacinamiento,escolaridad
7898,0.0,4,6,2.0,1.0,1.0,0.0,0.0,1.0,2.0,0.0,0,1,1,1,1,2,1,2,3,3,3,39.6666666667,20.8539897595,9.66666666667,4.92160768674,0.0,0.0,842,0,0,0.0,0.0,1.0,0.0,0.0,0.0,0.0,0.0,0.0,0.0,1.0,0.0,0.0,0.0,0.0,0.0,0.0,0.0,1.0,0.0,0.0,0.0,0.0,1.0,1.0,0.0,0.0,0.0,0.0,1.0,0.0,0.0,1.0,0.0,1.0,1.0,1.0,1.0,0.0,0.0,0.0,0.0,0.0,0.0,0.0,0.0,0.0,1.0,0.0,0.0,0.0,1.0,1.0,0.0,0.0,0.0,0.0,0.0,0.0,1.0,0.0,0.0,0.0,0.0,0.0,0.0,0.0,0.0,0.0,1.0,0.0,1.0,1.0,0.0,0.0,1.0,0.0,1.0,1.0,0.0,1.0,2,4,115,1,Brunca,4,Brunca,4,monoparental,1,13.9460368425,0,1,0.75,9.0
8089,0.0,3,5,3.0,0.0,1.0,0.0,2.0,1.0,1.0,0.0,1,2,3,0,1,1,1,3,4,4,4,22.5,14.924811556600002,6.5,4.5,0.0,0.0,861,0,0,0.0,0.0,1.0,0.0,0.0,0.0,0.0,0.0,0.0,0.0,0.0,0.0,0.0,1.0,0.0,0.0,0.0,0.0,1.0,0.0,0.0,0.0,0.0,1.0,1.0,0.0,0.0,0.0,0.0,0.0,1.0,0.0,1.0,0.0,1.0,1.0,1.0,1.0,0.0,0.0,0.0,0.0,0.0,0.0,0.0,0.0,0.0,1.0,0.0,0.0,0.0,1.0,1.0,0.0,0.0,0.0,0.0,0.0,0.0,1.0,0.0,0.0,0.0,0.0,0.0,0.0,0.0,1.0,0.0,1.0,0.0,1.0,0.0,0.0,0.0,1.0,0.0,1.0,1.0,0.0,1.0,2,4,126,1,Brunca,4,Brunca,5,bi-parental,1,11.932881076800001,0,1,1.3333333333333333,6.0
8023,0.0,3,6,2.0,1.0,1.0,0.0,0.0,1.0,2.0,0.0,1,1,2,1,1,2,2,2,4,4,4,21.25,18.8331489666,7.5,7.5,0.0,0.0,854,0,0,0.0,1.0,0.0,0.0,0.0,0.0,0.0,0.0,0.0,0.0,1.0,0.0,0.0,0.0,0.0,0.0,0.0,0.0,1.0,0.0,0.0,0.0,0.0,1.0,1.0,0.0,0.0,0.0,0.0,0.0,1.0,0.0,1.0,0.0,1.0,1.0,1.0,1.0,0.0,0.0,0.0,0.0,0.0,0.0,0.0,0.0,0.0,1.0,0.0,0.0,0.0,1.0,1.0,0.0,0.0,0.0,0.0,0.0,0.0,1.0,0.0,0.0,0.0,0.0,0.0,0.0,0.0,0.0,0.0,1.0,0.0,1.0,1.0,0.0,0.0,1.0,0.0,1.0,1.0,0.0,1.0,2,4,137,1,Brunca,4,Brunca,5,bi-parental,1,13.2311469278,0,2,1.3333333333333333,7.0
7947,65000.0,2,3,1.0,0.0,0.0,0.0,0.0,0.0,0.0,1.0,1,0,1,1,2,3,2,2,4,4,4,14.75,9.41740410092,3.75,2.86138078556,0.25,0.433012701892,847,0,0,0.0,0.0,1.0,0.0,0.0,0.0,0.0,1.0,0.0,0.0,1.0,0.0,0.0,0.0,0.0,0.0,0.0,0.0,1.0,0.0,0.0,0.0,0.0,1.0,1.0,0.0,0.0,0.0,0.0,1.0,0.0,0.0,1.0,0.0,1.0,1.0,1.0,1.0,0.0,0.0,0.0,0.0,0.0,0.0,0.0,0.0,0.0,1.0,0.0,0.0,0.0,1.0,1.0,0.0,0.0,0.0,0.0,0.0,1.0,0.0,0.0,0.0,0.0,0.0,0.0,0.0,0.0,1.0,1.0,1.0,1.0,1.0,1.0,1.0,1.0,0.0,1.0,1.0,0.0,0.0,0.0,1,4,124,1,Brunca,4,Brunca,4,monoparental,1,11.0433217557,1,2,2.0,3.0
7841,80000.0,4,6,2.0,0.0,0.0,0.0,0.0,1.0,1.0,0.0,0,1,1,1,1,2,1,2,3,3,3,25.0,12.9614813968,8.0,4.966554808580001,0.0,0.0,837,0,0,0.0,1.0,0.0,0.0,0.0,0.0,0.0,1.0,0.0,0.0,0.0,1.0,0.0,0.0,0.0,0.0,0.0,0.0,1.0,0.0,0.0,0.0,0.0,1.0,1.0,0.0,0.0,0.0,0.0,1.0,0.0,1.0,0.0,1.0,0.0,1.0,1.0,1.0,0.0,0.0,0.0,0.0,0.0,0.0,0.0,0.0,0.0,1.0,0.0,0.0,0.0,1.0,1.0,0.0,0.0,0.0,0.0,0.0,1.0,0.0,0.0,0.0,0.0,0.0,0.0,0.0,0.0,1.0,0.0,1.0,1.0,1.0,1.0,0.0,0.0,1.0,1.0,0.0,0.0,0.0,0.0,2,4,116,1,Brunca,4,Brunca,5,bi-parental,1,12.778527249300005,0,1,0.75,8.0
8125,120000.0,3,5,4.0,0.0,0.0,0.0,0.0,0.0,0.0,2.0,1,2,3,1,2,3,2,4,6,6,6,30.3333333333,21.1948631093,7.0,3.87298334621,0.0,0.0,865,0,0,0.0,0.0,1.0,0.0,0.0,0.0,0.0,1.0,0.0,0.0,0.0,0.0,1.0,0.0,0.0,0.0,0.0,0.0,0.0,0.0,1.0,0.0,0.0,1.0,1.0,0.0,0.0,0.0,0.0,1.0,0.0,1.0,0.0,1.0,0.0,1.0,1.0,1.0,0.0,0.0,0.0,0.0,0.0,0.0,0.0,0.0,1.0,0.0,0.0,0.0,0.0,1.0,1.0,0.0,0.0,0.0,0.0,0.0,0.0,1.0,0.0,0.0,0.0,0.0,0.0,0.0,0.0,1.0,0.0,1.0,1.0,1.0,1.0,1.0,1.0,0.0,0.0,1.0,1.0,1.0,0.0,2,4,131,1,Brunca,4,Brunca,5,bi-parental,1,12.1882735099,0,2,2.0,7.0
8113,0.0,5,6,2.0,1.0,1.0,0.0,0.0,1.0,1.0,0.0,0,3,3,1,1,2,1,4,5,5,5,24.0,14.546477236800001,9.4,5.31413210223,0.0,0.0,864,0,0,0.0,0.0,1.0,0.0,0.0,0.0,0.0,0.0,0.0,0.0,1.0,0.0,0.0,0.0,0.0,0.0,0.0,0.0,1.0,0.0,0.0,0.0,0.0,1.0,1.0,0.0,0.0,0.0,0.0,0.0,1.0,0.0,1.0,0.0,1.0,1.0,1.0,0.0,1.0,0.0,0.0,0.0,0.0,0.0,0.0,0.0,1.0,0.0,0.0,0.0,0.0,1.0,1.0,0.0,0.0,0.0,0.0,0.0,1.0,0.0,0.0,0.0,0.0,0.0,0.0,0.0,0.0,0.0,0.0,1.0,0.0,1.0,1.0,0.0,0.0,1.0,0.0,1.0,1.0,0.0,1.0,2,4,130,1,Brunca,4,Brunca,5,bi-parental,1,13.0139907744,0,1,1.0,9.0
8103,50000.0,2,4,2.0,0.0,0.0,0.0,0.0,0.0,1.0,0.0,1,1,2,1,1,2,2,2,4,4,4,15.25,11.4099737072,3.25,3.26917420766,0.0,0.0,862,0,0,0.0,1.0,0.0,0.0,0.0,0.0,0.0,1.0,0.0,0.0,0.0,0.0,1.0,0.0,0.0,0.0,0.0,0.0,1.0,0.0,0.0,0.0,0.0,0.0,0.0,1.0,0.0,0.0,0.0,1.0,0.0,1.0,0.0,1.0,0.0,1.0,1.0,1.0,0.0,0.0,0.0,0.0,0.0,0.0,0.0,0.0,0.0,1.0,0.0,0.0,0.0,1.0,1.0,0.0,0.0,0.0,0.0,0.0,1.0,0.0,0.0,0.0,0.0,0.0,0.0,0.0,0.0,1.0,0.0,1.0,1.0,1.0,1.0,1.0,0.0,1.0,1.0,1.0,1.0,1.0,0.0,2,4,131,1,Brunca,4,Brunca,5,bi-parental,1,12.003804981099998,0,2,2.0,3.0
7890,0.0,2,3,3.0,0.0,0.0,0.0,0.0,0.0,1.0,0.0,1,1,2,1,1,2,2,2,4,4,4,18.75,11.840080236199999,4.0,3.39116499156,0.0,0.0,841,0,0,0.0,1.0,0.0,0.0,0.0,0.0,0.0,0.0,0.0,0.0,0.0,0.0,0.0,1.0,0.0,0.0,0.0,0.0,1.0,0.0,0.0,0.0,0.0,0.0,1.0,0.0,0.0,0.0,0.0,0.0,1.0,0.0,1.0,0.0,1.0,1.0,1.0,1.0,0.0,0.0,0.0,0.0,0.0,0.0,0.0,0.0,0.0,1.0,0.0,0.0,0.0,1.0,1.0,0.0,0.0,0.0,0.0,0.0,1.0,0.0,0.0,0.0,0.0,0.0,0.0,0.0,0.0,1.0,0.0,1.0,1.0,1.0,1.0,1.0,0.0,1.0,0.0,1.0,1.0,1.0,0.0,2,4,124,1,Brunca,4,Brunca,5,bi-parental,1,12.2458027241,0,2,2.0,4.0
8043,0.0,3,6,1.0,1.0,0.0,0.0,0.0,1.0,1.0,2.0,0,1,1,1,2,3,1,3,4,4,4,28.5,19.7547462651,9.0,5.7879184514,0.0,0.0,856,0,0,0.0,1.0,0.0,0.0,0.0,0.0,0.0,0.0,0.0,0.0,0.0,0.0,0.0,1.0,0.0,0.0,0.0,0.0,1.0,0.0,0.0,0.0,0.0,1.0,1.0,0.0,0.0,0.0,0.0,0.0,1.0,0.0,1.0,0.0,1.0,1.0,1.0,1.0,0.0,0.0,0.0,0.0,0.0,0.0,0.0,0.0,0.0,1.0,0.0,0.0,0.0,1.0,1.0,0.0,0.0,0.0,0.0,0.0,0.0,1.0,0.0,0.0,0.0,0.0,0.0,0.0,0.0,0.0,0.0,1.0,1.0,1.0,1.0,0.0,0.0,0.0,0.0,1.0,1.0,0.0,1.0,2,4,116,1,Brunca,4,Brunca,5,bi-parental,1,11.877575522999999,0,1,1.3333333333333333,9.0
8217,0.0,2,5,3.0,0.0,1.0,0.0,0.0,0.0,1.0,0.0,1,1,2,0,2,2,1,3,4,4,4,20.5,11.694015563499999,4.0,3.67423461417,0.0,0.0,874,0,0,0.0,1.0,0.0,0.0,0.0,0.0,0.0,0.0,0.0,0.0,0.0,1.0,0.0,0.0,0.0,0.0,0.0,0.0,1.0,0.0,0.0,0.0,0.0,0.0,0.0,1.0,0.0,0.0,0.0,0.0,1.0,0.0,1.0,0.0,1.0,1.0,1.0,0.0,1.0,0.0,0.0,0.0,0.0,0.0,0.0,0.0,0.0,1.0,0.0,0.0,0.0,1.0,1.0,0.0,0.0,0.0,0.0,0.0,0.0,1.0,0.0,0.0,0.0,0.0,0.0,0.0,0.0,1.0,0.0,1.0,0.0,1.0,1.0,1.0,0.0,1.0,0.0,1.0,1.0,0.0,1.0,2,4,133,1,Brunca,4,Brunca,5,bi-parental,1,12.8142182009,0,1,2.0,4.0
8205,0.0,1,1,1.0,0.0,1.0,0.0,0.0,0.0,0.0,0.0,0,1,1,2,2,4,2,3,5,5,5,19.8,13.196969349100002,4.0,2.9664793948400003,0.6,1.2,873,0,0,0.0,1.0,0.0,0.0,0.0,0.0,0.0,0.0,0.0,1.0,0.0,0.0,1.0,0.0,0.0,0.0,0.0,0.0,1.0,0.0,0.0,0.0,0.0,0.0,0.0,0.0,0.0,0.0,0.0,0.0,0.0,0.0,0.0,0.0,0.0,0.0,0.0,1.0,0.0,0.0,0.0,0.0,0.0,0.0,0.0,0.0,0.0,0.0,0.0,0.0,0.0,0.0,1.0,0.0,0.0,0.0,0.0,0.0,0.0,1.0,0.0,0.0,0.0,0.0,0.0,0.0,0.0,1.0,0.0,1.0,0.0,1.0,1.0,1.0,1.0,1.0,1.0,1.0,0.0,0.0,0.0,0,4,134,1,Brunca,4,Brunca,5,bi-parental,1,9.75272280065,1,2,5.0,4.0
8005,0.0,3,5,2.0,0.0,1.0,0.0,0.0,0.0,0.0,1.0,1,0,1,0,2,2,1,2,3,3,3,24.3333333333,17.326921891199998,5.666666666669999,4.92160768674,0.0,0.0,853,0,0,0.0,1.0,0.0,0.0,0.0,0.0,0.0,0.0,0.0,0.0,0.0,0.0,0.0,1.0,0.0,0.0,0.0,0.0,1.0,0.0,0.0,0.0,0.0,1.0,1.0,0.0,0.0,0.0,0.0,1.0,0.0,1.0,0.0,0.0,1.0,1.0,1.0,1.0,0.0,0.0,0.0,0.0,0.0,0.0,0.0,0.0,0.0,1.0,0.0,0.0,0.0,1.0,1.0,0.0,0.0,0.0,0.0,0.0,0.0,1.0,0.0,0.0,0.0,1.0,0.0,0.0,0.0,1.0,0.0,1.0,0.0,1.0,1.0,1.0,1.0,0.0,0.0,1.0,1.0,0.0,1.0,0,4,117,1,Brunca,4,Brunca,5,bi-parental,1,10.5365573573,1,1,1.0,5.0
7952,70000.0,2,4,1.0,0.0,0.0,0.0,0.0,0.0,1.0,0.0,1,0,1,0,2,2,1,2,3,3,3,30.3333333333,21.6692306175,6.0,4.89897948557,0.0,0.0,848,0,0,0.0,1.0,0.0,0.0,0.0,0.0,1.0,0.0,0.0,0.0,0.0,0.0,0.0,1.0,0.0,0.0,0.0,0.0,1.0,0.0,0.0,0.0,0.0,1.0,1.0,0.0,0.0,0.0,0.0,1.0,0.0,0.0,0.0,0.0,0.0,1.0,1.0,1.0,0.0,0.0,0.0,0.0,0.0,0.0,0.0,0.0,0.0,1.0,0.0,0.0,0.0,1.0,1.0,0.0,0.0,0.0,0.0,0.0,0.0,1.0,0.0,0.0,0.0,0.0,0.0,0.0,0.0,1.0,0.0,1.0,1.0,1.0,1.0,1.0,0.0,1.0,1.0,1.0,1.0,0.0,1.0,1,4,112,1,Brunca,4,Brunca,5,bi-parental,1,11.5537570594,1,1,1.5,6.0
7922,42500.0,3,4,4.0,0.0,0.0,1.0,0.0,0.0,2.0,0.0,1,2,3,0,2,2,1,4,5,5,5,28.0,15.786069808499999,6.6,3.8781438859300006,0.0,0.0,845,0,0,0.0,1.0,0.0,0.0,0.0,0.0,1.0,0.0,0.0,0.0,0.0,0.0,0.0,0.0,0.0,1.0,0.0,0.0,1.0,0.0,0.0,0.0,0.0,1.0,1.0,0.0,0.0,0.0,0.0,1.0,0.0,1.0,0.0,0.0,1.0,1.0,1.0,0.0,1.0,0.0,0.0,0.0,0.0,0.0,0.0,0.0,0.0,1.0,0.0,0.0,0.0,1.0,1.0,0.0,0.0,0.0,0.0,0.0,0.0,1.0,0.0,0.0,0.0,0.0,0.0,0.0,0.0,1.0,0.0,1.0,1.0,0.0,1.0,1.0,0.0,1.0,1.0,1.0,0.0,0.0,0.0,1,4,140,1,Brunca,4,Brunca,5,bi-parental,1,11.349527404100002,1,1,1.6666666666666667,6.0
8028,70000.0,3,6,2.0,0.0,1.0,1.0,0.0,1.0,1.0,0.0,1,1,2,0,1,1,1,2,3,3,3,21.3333333333,17.5562587764,5.666666666669999,4.18993502999,0.0,0.0,855,0,0,0.0,1.0,0.0,0.0,0.0,0.0,0.0,1.0,0.0,0.0,1.0,0.0,0.0,0.0,0.0,0.0,0.0,0.0,1.0,0.0,0.0,0.0,0.0,1.0,1.0,0.0,0.0,0.0,0.0,0.0,1.0,0.0,1.0,0.0,1.0,1.0,1.0,1.0,0.0,0.0,0.0,0.0,0.0,0.0,0.0,0.0,0.0,1.0,0.0,0.0,0.0,1.0,1.0,0.0,0.0,0.0,0.0,0.0,0.0,1.0,0.0,0.0,0.0,0.0,0.0,0.0,0.0,1.0,0.0,1.0,0.0,0.0,1.0,0.0,0.0,1.0,1.0,1.0,1.0,1.0,0.0,2,4,124,1,Brunca,4,Brunca,5,bi-parental,1,12.2311797803,0,1,1.0,5.0
7941,80000.0,2,4,2.0,0.0,0.0,0.0,0.0,0.0,1.0,1.0,0,1,1,1,1,2,1,2,3,3,3,24.0,12.9614813968,7.333333333330001,5.1854497287,0.0,0.0,847,0,0,0.0,0.0,1.0,0.0,0.0,0.0,0.0,1.0,0.0,0.0,0.0,1.0,0.0,0.0,0.0,0.0,0.0,0.0,1.0,0.0,0.0,0.0,0.0,1.0,1.0,0.0,0.0,0.0,0.0,1.0,0.0,0.0,1.0,0.0,1.0,1.0,1.0,1.0,0.0,0.0,0.0,0.0,0.0,0.0,0.0,0.0,0.0,1.0,0.0,0.0,0.0,1.0,1.0,0.0,0.0,0.0,0.0,0.0,0.0,1.0,0.0,0.0,0.0,0.0,0.0,0.0,0.0,1.0,0.0,1.0,1.0,1.0,1.0,1.0,0.0,0.0,0.0,1.0,1.0,1.0,0.0,2,4,124,1,Brunca,4,Brunca,5,bi-parental,1,11.907230755499999,0,1,1.5,7.0
8157,0.0,3,5,3.0,0.0,0.0,0.0,0.0,1.0,1.0,1.0,1,1,2,0,1,1,1,2,3,3,3,31.6666666667,18.6249533929,7.666666666669999,4.71404520791,0.0,0.0,868,0,0,0.0,1.0,0.0,0.0,0.0,0.0,0.0,0.0,0.0,0.0,1.0,0.0,0.0,0.0,0.0,0.0,0.0,0.0,1.0,0.0,0.0,0.0,0.0,1.0,1.0,0.0,0.0,0.0,0.0,0.0,1.0,1.0,0.0,0.0,1.0,1.0,1.0,1.0,0.0,0.0,0.0,0.0,0.0,0.0,0.0,0.0,0.0,1.0,0.0,0.0,0.0,1.0,1.0,0.0,0.0,0.0,0.0,0.0,0.0,1.0,0.0,0.0,0.0,0.0,0.0,0.0,0.0,1.0,0.0,1.0,1.0,1.0,1.0,0.0,0.0,0.0,0.0,1.0,0.0,0.0,0.0,2,4,134,1,Brunca,4,Brunca,5,bi-parental,1,13.250189257,0,1,1.0,7.0
7915,140000.0,2,4,3.0,0.0,2.0,1.0,2.0,1.0,2.0,0.0,1,2,3,0,1,1,1,3,4,4,4,23.25,14.7372826532,10.25,6.33936116655,0.0,0.0,844,0,0,0.0,0.0,1.0,0.0,0.0,0.0,1.0,0.0,0.0,0.0,1.0,0.0,0.0,0.0,0.0,0.0,0.0,0.0,1.0,0.0,0.0,0.0,0.0,1.0,1.0,0.0,0.0,0.0,0.0,0.0,1.0,0.0,1.0,0.0,1.0,1.0,1.0,1.0,0.0,0.0,0.0,0.0,0.0,0.0,0.0,0.0,0.0,1.0,0.0,0.0,0.0,1.0,1.0,0.0,0.0,0.0,0.0,0.0,0.0,1.0,0.0,0.0,0.0,0.0,0.0,0.0,0.0,1.0,0.0,1.0,0.0,0.0,0.0,0.0,0.0,1.0,0.0,1.0,1.0,0.0,1.0,2,4,122,1,Brunca,4,Brunca,5,bi-parental,1,13.827726874000001,0,1,2.0,10.0
7993,150000.0,3,5,4.0,0.0,2.0,0.0,1.0,2.0,2.0,1.0,0,1,1,2,1,3,2,2,4,4,4,21.5,13.2382022949,9.0,7.1763500472000015,0.0,0.0,852,0,0,0.0,1.0,0.0,0.0,0.0,0.0,1.0,0.0,0.0,0.0,1.0,0.0,0.0,0.0,0.0,0.0,0.0,0.0,1.0,0.0,0.0,0.0,0.0,1.0,1.0,0.0,0.0,0.0,0.0,0.0,1.0,0.0,1.0,0.0,1.0,1.0,1.0,1.0,0.0,0.0,0.0,0.0,0.0,0.0,0.0,0.0,0.0,1.0,0.0,0.0,0.0,1.0,1.0,0.0,0.0,0.0,0.0,0.0,0.0,1.0,0.0,0.0,0.0,0.0,0.0,0.0,0.0,1.0,0.0,1.0,0.0,1.0,0.0,0.0,0.0,0.0,0.0,1.0,1.0,0.0,1.0,2,4,123,1,Brunca,4,Brunca,5,bi-parental,1,12.843382451099998,0,2,1.3333333333333333,9.0
7877,0.0,3,4,3.0,1.0,0.0,1.0,2.0,1.0,3.0,0.0,0,1,1,2,2,4,2,3,5,5,5,24.8,20.3705670024,6.0,4.73286382648,0.0,0.0,840,0,0,0.0,0.0,1.0,0.0,0.0,0.0,0.0,0.0,0.0,0.0,1.0,0.0,0.0,0.0,0.0,0.0,0.0,0.0,1.0,0.0,0.0,0.0,0.0,1.0,1.0,0.0,0.0,0.0,0.0,0.0,1.0,0.0,1.0,0.0,1.0,1.0,1.0,1.0,0.0,0.0,0.0,0.0,0.0,0.0,0.0,0.0,0.0,1.0,0.0,0.0,0.0,1.0,1.0,0.0,0.0,0.0,0.0,0.0,0.0,1.0,0.0,0.0,0.0,0.0,0.0,0.0,0.0,0.0,0.0,1.0,1.0,0.0,0.0,0.0,0.0,1.0,0.0,1.0,1.0,0.0,1.0,2,4,151,1,Brunca,4,Brunca,5,bi-parental,1,12.3443886155,0,2,1.6666666666666667,6.0
7869,0.0,3,6,1.0,1.0,1.0,0.0,1.0,0.0,1.0,0.0,1,1,2,0,2,2,1,3,4,4,4,35.75,28.76086751130001,8.25,4.76313972081,0.0,0.0,839,0,0,0.0,1.0,0.0,0.0,0.0,0.0,0.0,0.0,0.0,0.0,1.0,0.0,0.0,0.0,0.0,0.0,0.0,0.0,1.0,0.0,0.0,0.0,0.0,1.0,1.0,0.0,0.0,0.0,0.0,0.0,1.0,0.0,1.0,0.0,1.0,1.0,1.0,1.0,0.0,0.0,0.0,0.0,0.0,0.0,0.0,0.0,0.0,1.0,0.0,0.0,0.0,1.0,1.0,0.0,0.0,0.0,0.0,0.0,1.0,0.0,0.0,0.0,0.0,0.0,0.0,0.0,0.0,0.0,0.0,1.0,0.0,1.0,0.0,1.0,0.0,1.0,0.0,1.0,0.0,0.0,0.0,2,4,122,1,Brunca,4,Brunca,5,bi-parental,1,11.672249880799999,0,1,1.3333333333333333,8.0
8132,0.0,3,6,5.0,0.0,0.0,0.0,0.0,0.0,2.0,1.0,0,2,2,1,2,3,1,4,5,5,5,40.2,26.118192893099998,6.2,3.05941170816,0.0,0.0,865,0,0,0.0,0.0,1.0,0.0,0.0,0.0,0.0,0.0,0.0,0.0,0.0,0.0,0.0,0.0,0.0,1.0,0.0,0.0,1.0,0.0,0.0,0.0,0.0,1.0,1.0,0.0,0.0,0.0,0.0,1.0,0.0,0.0,0.0,0.0,1.0,1.0,1.0,0.0,1.0,0.0,1.0,0.0,0.0,0.0,0.0,0.0,1.0,0.0,0.0,0.0,0.0,1.0,1.0,0.0,0.0,0.0,0.0,0.0,0.0,1.0,0.0,0.0,0.0,0.0,0.0,0.0,0.0,1.0,0.0,1.0,1.0,1.0,1.0,1.0,0.0,0.0,0.0,1.0,1.0,1.0,0.0,2,4,131,1,Brunca,4,Brunca,4,monoparental,1,11.9522812951,0,1,1.6666666666666667,6.0
8211,30000.0,3,5,4.0,0.0,0.0,0.0,0.0,0.0,0.0,1.0,1,2,3,3,1,4,4,3,7,7,7,13.2857142857,10.208040048500001,5.1428571428600005,5.40974177965,0.0,0.0,874,0,0,0.0,1.0,0.0,0.0,0.0,0.0,0.0,1.0,0.0,0.0,0.0,1.0,0.0,0.0,0.0,0.0,0.0,0.0,1.0,0.0,0.0,0.0,0.0,0.0,0.0,1.0,0.0,0.0,0.0,1.0,0.0,0.0,0.0,1.0,0.0,1.0,1.0,1.0,0.0,0.0,0.0,0.0,0.0,0.0,0.0,0.0,0.0,1.0,0.0,0.0,0.0,1.0,1.0,0.0,0.0,0.0,0.0,0.0,0.0,1.0,0.0,0.0,0.0,0.0,0.0,0.0,0.0,1.0,0.0,1.0,1.0,1.0,1.0,1.0,1.0,0.0,0.0,1.0,1.0,1.0,0.0,2,4,133,1,Brunca,4,Brunca,5,bi-parental,1,11.7894688028,0,4,2.333333333333333,5.0
8229,0.0,3,5,5.0,0.0,0.0,0.0,0.0,0.0,1.0,0.0,1,2,3,0,2,2,1,4,5,5,5,20.6,10.7443008149,6.2,2.63818119165,0.0,0.0,876,0,0,0.0,1.0,0.0,0.0,0.0,0.0,0.0,0.0,0.0,1.0,1.0,0.0,0.0,0.0,0.0,0.0,0.0,0.0,1.0,0.0,0.0,0.0,0.0,1.0,1.0,0.0,0.0,0.0,0.0,0.0,1.0,0.0,1.0,0.0,1.0,1.0,1.0,1.0,0.0,0.0,0.0,0.0,0.0,0.0,0.0,0.0,0.0,1.0,0.0,0.0,0.0,1.0,1.0,0.0,0.0,0.0,0.0,0.0,0.0,1.0,0.0,0.0,0.0,0.0,0.0,0.0,0.0,1.0,0.0,1.0,1.0,1.0,1.0,1.0,0.0,1.0,0.0,1.0,1.0,1.0,0.0,2,4,135,1,Brunca,4,Brunca,5,bi-parental,1,12.1880996954,0,1,1.6666666666666667,6.0
8115,100000.0,2,4,1.0,0.0,0.0,0.0,0.0,0.0,1.0,0.0,1,1,2,1,1,2,2,2,4,4,4,17.0,15.7321327226,6.0,6.0415229868,0.0,0.0,864,0,0,0.0,0.0,1.0,0.0,0.0,0.0,0.0,1.0,0.0,0.0,0.0,0.0,1.0,0.0,0.0,0.0,0.0,0.0,0.0,0.0,1.0,0.0,0.0,0.0,0.0,1.0,0.0,0.0,0.0,1.0,0.0,1.0,0.0,1.0,0.0,1.0,1.0,1.0,0.0,0.0,0.0,0.0,0.0,0.0,0.0,0.0,1.0,0.0,0.0,0.0,0.0,1.0,1.0,0.0,0.0,0.0,0.0,0.0,0.0,1.0,0.0,0.0,0.0,0.0,0.0,0.0,0.0,1.0,0.0,1.0,1.0,1.0,1.0,1.0,0.0,1.0,0.0,1.0,1.0,1.0,0.0,1,4,130,1,Brunca,4,Brunca,5,bi-parental,1,11.3635666193,1,2,2.0,6.0
7961,180000.0,2,4,2.0,1.0,1.0,0.0,0.0,1.0,0.0,2.0,1,0,1,0,1,1,1,1,2,2,2,21.5,14.5,8.5,8.5,0.0,0.0,848,0,0,0.0,0.0,1.0,0.0,0.0,0.0,1.0,0.0,0.0,0.0,1.0,0.0,0.0,0.0,0.0,0.0,0.0,0.0,1.0,0.0,0.0,0.0,0.0,1.0,1.0,0.0,0.0,0.0,0.0,0.0,1.0,0.0,1.0,0.0,1.0,1.0,1.0,1.0,0.0,0.0,0.0,0.0,0.0,0.0,0.0,0.0,0.0,1.0,0.0,0.0,0.0,1.0,1.0,0.0,0.0,0.0,0.0,0.0,0.0,1.0,0.0,0.0,0.0,0.0,0.0,0.0,0.0,0.0,0.0,1.0,0.0,1.0,1.0,0.0,1.0,0.0,0.0,1.0,1.0,0.0,1.0,2,4,112,1,Brunca,4,Brunca,4,monoparental,1,13.7809249793,0,1,1.0,8.0
8041,112000.0,2,4,2.0,0.0,1.0,1.0,1.0,1.0,1.0,1.0,1,1,2,1,1,2,2,2,4,4,4,22.5,17.0660481659,5.75,6.33936116655,0.0,0.0,856,0,0,0.0,1.0,0.0,0.0,0.0,0.0,1.0,0.0,0.0,0.0,1.0,0.0,0.0,0.0,0.0,0.0,0.0,0.0,1.0,0.0,0.0,0.0,0.0,1.0,1.0,0.0,0.0,0.0,0.0,1.0,0.0,1.0,0.0,1.0,0.0,1.0,1.0,1.0,0.0,0.0,0.0,0.0,0.0,0.0,0.0,0.0,0.0,1.0,0.0,0.0,0.0,1.0,1.0,0.0,0.0,0.0,0.0,0.0,1.0,0.0,0.0,0.0,0.0,0.0,0.0,0.0,0.0,1.0,0.0,1.0,0.0,0.0,0.0,0.0,0.0,0.0,1.0,0.0,1.0,1.0,0.0,2,4,116,1,Brunca,4,Brunca,5,bi-parental,1,12.4589584774,0,2,2.0,5.0
7933,0.0,4,7,2.0,1.0,0.0,1.0,0.0,1.0,1.0,0.0,5,1,6,2,1,3,7,2,9,9,9,10.777777777799999,12.664717198900002,3.11111111111,5.1086950811400005,0.0,0.0,846,0,0,0.0,0.0,1.0,0.0,0.0,0.0,0.0,0.0,0.0,1.0,1.0,0.0,0.0,0.0,0.0,0.0,0.0,0.0,1.0,0.0,0.0,0.0,0.0,1.0,1.0,0.0,0.0,0.0,0.0,0.0,1.0,0.0,1.0,0.0,1.0,1.0,1.0,1.0,0.0,0.0,0.0,0.0,0.0,0.0,0.0,0.0,0.0,1.0,0.0,0.0,0.0,1.0,1.0,0.0,0.0,0.0,0.0,0.0,1.0,0.0,0.0,0.0,0.0,0.0,0.0,0.0,0.0,0.0,0.0,1.0,1.0,0.0,1.0,0.0,0.0,1.0,0.0,1.0,1.0,0.0,1.0,2,4,125,1,Brunca,4,Brunca,5,bi-parental,1,12.7139275277,0,7,2.25,3.0
8141,0.0,3,7,2.0,1.0,0.0,0.0,0.0,0.0,0.0,2.0,1,1,2,0,1,1,1,2,3,3,3,40.6666666667,23.8932812499,1.0,0.0,0.0,0.0,866,0,0,0.0,1.0,0.0,0.0,0.0,0.0,0.0,0.0,0.0,0.0,1.0,0.0,0.0,0.0,0.0,0.0,0.0,0.0,1.0,0.0,0.0,0.0,0.0,1.0,1.0,0.0,0.0,0.0,0.0,0.0,1.0,0.0,1.0,0.0,1.0,1.0,1.0,1.0,0.0,0.0,0.0,0.0,0.0,0.0,0.0,0.0,1.0,0.0,0.0,0.0,0.0,1.0,1.0,0.0,0.0,0.0,0.0,0.0,0.0,1.0,0.0,0.0,0.0,0.0,0.0,0.0,0.0,0.0,0.0,1.0,1.0,1.0,1.0,1.0,1.0,0.0,1.0,1.0,1.0,1.0,0.0,1,4,152,1,Brunca,4,Brunca,4,monoparental,1,11.146695493,1,1,1.0,1.0
7979,40000.0,2,3,3.0,0.0,1.0,0.0,0.0,0.0,1.0,0.0,2,2,4,2,3,5,4,5,9,9,9,16.444444444400002,14.197895862200001,4.222222222219998,4.4914184292,0.222222222222,0.628539361055,850,0,0,0.0,1.0,0.0,0.0,0.0,0.0,0.0,1.0,0.0,0.0,0.0,1.0,0.0,0.0,0.0,0.0,0.0,0.0,1.0,0.0,0.0,0.0,0.0,0.0,1.0,0.0,0.0,0.0,0.0,0.0,0.0,0.0,0.0,0.0,0.0,0.0,0.0,1.0,0.0,0.0,0.0,0.0,0.0,0.0,0.0,0.0,1.0,0.0,0.0,0.0,0.0,1.0,1.0,0.0,0.0,0.0,0.0,0.0,0.0,1.0,0.0,0.0,0.0,0.0,0.0,0.0,0.0,1.0,0.0,1.0,0.0,1.0,1.0,1.0,0.0,1.0,1.0,0.0,0.0,0.0,0.0,1,4,126,1,Brunca,4,Brunca,5,bi-parental,1,10.8525874619,1,4,4.5,4.0
8022,50000.0,2,6,2.0,0.0,0.0,0.0,0.0,1.0,0.0,1.0,0,1,1,1,1,2,1,2,3,3,3,33.6666666667,21.7460085737,4.0,2.82842712475,0.0,0.0,854,0,0,0.0,0.0,1.0,0.0,0.0,0.0,0.0,1.0,0.0,0.0,0.0,1.0,0.0,0.0,0.0,0.0,0.0,0.0,1.0,0.0,0.0,0.0,0.0,0.0,0.0,1.0,0.0,0.0,0.0,0.0,0.0,0.0,0.0,0.0,0.0,1.0,1.0,1.0,0.0,0.0,0.0,0.0,0.0,0.0,0.0,0.0,0.0,1.0,0.0,0.0,0.0,1.0,1.0,0.0,0.0,0.0,0.0,0.0,0.0,1.0,0.0,0.0,0.0,0.0,0.0,0.0,0.0,1.0,0.0,1.0,1.0,1.0,1.0,0.0,1.0,0.0,0.0,1.0,1.0,1.0,0.0,2,4,137,1,Brunca,4,Brunca,5,bi-parental,1,12.4528663671,0,1,1.5,4.0
7928,169000.0,3,5,4.0,1.0,1.0,1.0,3.0,1.0,2.0,0.0,1,2,3,0,1,1,1,3,4,4,4,26.75,14.532291629300001,9.5,5.72276157113,0.75,1.2990381056799998,845,0,0,0.0,0.0,1.0,0.0,0.0,0.0,1.0,0.0,0.0,0.0,1.0,0.0,0.0,0.0,0.0,0.0,0.0,0.0,1.0,0.0,0.0,0.0,0.0,1.0,1.0,0.0,0.0,0.0,0.0,0.0,1.0,0.0,1.0,0.0,1.0,1.0,1.0,1.0,0.0,0.0,0.0,0.0,0.0,0.0,0.0,0.0,0.0,1.0,0.0,0.0,0.0,1.0,1.0,0.0,0.0,0.0,0.0,0.0,0.0,1.0,0.0,0.0,0.0,0.0,0.0,0.0,0.0,0.0,0.0,1.0,0.0,0.0,0.0,0.0,0.0,1.0,0.0,1.0,1.0,0.0,1.0,2,4,140,1,Brunca,4,Brunca,5,bi-parental,1,13.305121283399998,0,1,1.3333333333333333,9.0
8036,0.0,1,5,2.0,0.0,0.0,0.0,0.0,0.0,1.0,0.0,1,1,2,0,1,1,1,2,3,3,3,18.3333333333,10.2089285541,7.0,4.966554808580001,0.0,0.0,856,0,0,0.0,1.0,0.0,0.0,0.0,0.0,0.0,0.0,0.0,0.0,0.0,1.0,0.0,0.0,0.0,0.0,0.0,0.0,1.0,0.0,0.0,0.0,0.0,0.0,0.0,1.0,0.0,0.0,0.0,1.0,0.0,1.0,0.0,0.0,1.0,1.0,1.0,1.0,0.0,0.0,0.0,0.0,0.0,0.0,0.0,0.0,0.0,1.0,0.0,0.0,0.0,1.0,1.0,0.0,0.0,0.0,0.0,0.0,0.0,1.0,0.0,0.0,0.0,0.0,0.0,0.0,0.0,1.0,0.0,1.0,1.0,1.0,1.0,1.0,0.0,1.0,1.0,1.0,1.0,1.0,0.0,2,4,116,1,Brunca,4,Brunca,5,bi-parental,1,11.7651798218,0,1,3.0,7.0
7974,0.0,2,5,2.0,0.0,0.0,0.0,0.0,1.0,1.0,0.0,1,1,2,0,1,1,1,2,3,3,3,25.0,12.083045973599999,5.666666666669999,2.8674417556800003,0.0,0.0,850,0,0,0.0,1.0,0.0,0.0,0.0,0.0,0.0,0.0,0.0,0.0,1.0,0.0,0.0,0.0,0.0,0.0,0.0,0.0,1.0,0.0,0.0,0.0,0.0,1.0,1.0,0.0,0.0,0.0,0.0,0.0,1.0,0.0,1.0,0.0,1.0,1.0,1.0,1.0,0.0,0.0,0.0,0.0,0.0,0.0,0.0,0.0,0.0,1.0,0.0,0.0,0.0,1.0,1.0,0.0,0.0,0.0,0.0,0.0,0.0,1.0,0.0,0.0,1.0,0.0,0.0,0.0,0.0,1.0,0.0,1.0,1.0,1.0,1.0,0.0,0.0,1.0,1.0,0.0,1.0,1.0,0.0,2,4,126,1,Brunca,4,Brunca,5,bi-parental,1,11.8014480175,0,1,1.5,5.0
7844,75000.0,2,3,1.0,0.0,1.0,0.0,0.0,0.0,1.0,0.0,1,0,1,0,1,1,1,1,2,2,2,11.5,9.5,5.5,5.5,0.0,0.0,837,0,0,0.0,0.0,1.0,0.0,0.0,0.0,0.0,1.0,0.0,0.0,1.0,0.0,0.0,0.0,0.0,0.0,0.0,0.0,1.0,0.0,0.0,0.0,0.0,1.0,1.0,0.0,0.0,0.0,0.0,0.0,1.0,0.0,1.0,0.0,1.0,1.0,1.0,1.0,0.0,0.0,0.0,0.0,0.0,0.0,0.0,0.0,0.0,1.0,0.0,0.0,0.0,1.0,1.0,0.0,0.0,0.0,0.0,0.0,0.0,1.0,0.0,0.0,0.0,0.0,0.0,0.0,0.0,1.0,0.0,1.0,0.0,1.0,1.0,1.0,0.0,1.0,0.0,1.0,0.0,0.0,0.0,2,4,116,1,Brunca,4,Brunca,4,monoparental,1,12.260802278900002,0,1,1.0,5.0
8203,100000.0,2,4,3.0,0.0,1.0,0.0,1.0,1.0,1.0,1.0,0,1,1,1,2,3,1,3,4,4,4,27.0,16.248076809300002,8.0,4.30116263352,0.0,0.0,873,0,0,0.0,0.0,1.0,0.0,0.0,0.0,0.0,1.0,0.0,0.0,0.0,1.0,0.0,0.0,0.0,0.0,0.0,0.0,1.0,0.0,0.0,0.0,0.0,1.0,1.0,0.0,0.0,0.0,0.0,0.0,0.0,0.0,0.0,1.0,0.0,1.0,1.0,0.0,1.0,0.0,0.0,0.0,0.0,0.0,0.0,0.0,0.0,1.0,0.0,0.0,0.0,1.0,1.0,0.0,0.0,0.0,0.0,0.0,1.0,0.0,0.0,0.0,0.0,0.0,0.0,0.0,0.0,1.0,0.0,1.0,0.0,1.0,0.0,0.0,0.0,0.0,0.0,1.0,1.0,0.0,1.0,2,4,134,1,Brunca,4,Brunca,5,bi-parental,1,12.0846166227,0,1,2.0,8.0
7991,0.0,3,5,2.0,0.0,0.0,1.0,0.0,0.0,1.0,0.0,0,0,0,1,2,3,1,2,3,3,3,29.3333333333,20.2374789822,8.666666666669999,5.55777733351,0.0,0.0,851,0,0,0.0,1.0,0.0,0.0,0.0,0.0,0.0,0.0,0.0,0.0,0.0,0.0,0.0,1.0,0.0,0.0,0.0,0.0,1.0,0.0,0.0,0.0,0.0,1.0,1.0,0.0,0.0,0.0,0.0,0.0,1.0,0.0,1.0,0.0,1.0,1.0,1.0,1.0,0.0,0.0,0.0,0.0,0.0,0.0,0.0,0.0,0.0,1.0,0.0,0.0,0.0,1.0,1.0,0.0,0.0,0.0,0.0,0.0,0.0,1.0,0.0,0.0,0.0,0.0,0.0,0.0,0.0,1.0,0.0,1.0,1.0,0.0,1.0,1.0,0.0,1.0,0.0,1.0,1.0,1.0,0.0,2,4,124,1,Brunca,4,Brunca,5,bi-parental,1,11.8494048444,0,1,1.0,8.0
7851,70000.0,3,5,2.0,0.0,0.0,0.0,0.0,1.0,1.0,0.0,1,1,2,1,1,2,2,2,4,4,4,18.75,11.9451873154,5.25,4.14578098794,0.0,0.0,838,0,0,0.0,0.0,1.0,0.0,0.0,0.0,1.0,0.0,0.0,0.0,0.0,1.0,0.0,0.0,0.0,0.0,0.0,0.0,1.0,0.0,0.0,0.0,0.0,0.0,1.0,0.0,0.0,0.0,0.0,0.0,1.0,0.0,1.0,0.0,1.0,1.0,1.0,1.0,0.0,0.0,0.0,0.0,0.0,0.0,0.0,0.0,0.0,1.0,0.0,0.0,0.0,1.0,1.0,0.0,0.0,0.0,0.0,0.0,1.0,0.0,0.0,0.0,0.0,0.0,0.0,0.0,0.0,1.0,0.0,1.0,1.0,1.0,1.0,0.0,0.0,1.0,1.0,0.0,1.0,1.0,0.0,2,4,114,1,Brunca,4,Brunca,5,bi-parental,1,12.3371448397,0,2,1.3333333333333333,5.0
8163,0.0,3,4,4.0,0.0,0.0,0.0,0.0,0.0,1.0,1.0,1,2,3,0,2,2,1,4,5,5,5,20.8,15.118200951199999,4.8,2.4,0.8,1.6,868,0,0,0.0,1.0,0.0,0.0,0.0,0.0,0.0,0.0,0.0,0.0,1.0,0.0,0.0,0.0,0.0,0.0,0.0,0.0,1.0,0.0,0.0,0.0,0.0,1.0,0.0,1.0,0.0,0.0,0.0,1.0,0.0,0.0,0.0,0.0,1.0,1.0,1.0,1.0,0.0,0.0,0.0,0.0,0.0,0.0,0.0,0.0,0.0,1.0,0.0,0.0,0.0,1.0,1.0,0.0,0.0,0.0,0.0,0.0,0.0,1.0,0.0,0.0,0.0,0.0,0.0,0.0,0.0,1.0,0.0,1.0,1.0,1.0,1.0,1.0,0.0,0.0,0.0,1.0,1.0,1.0,0.0,1,4,134,1,Brunca,4,Brunca,5,bi-parental,1,11.0059977899,1,1,1.6666666666666667,4.0
7892,85000.0,2,4,2.0,0.0,1.0,0.0,1.0,1.0,2.0,0.0,1,1,2,1,1,2,2,2,4,4,4,15.0,11.6404467268,6.25,6.49519052838,0.0,0.0,842,0,0,0.0,0.0,1.0,0.0,0.0,0.0,0.0,1.0,0.0,0.0,1.0,0.0,0.0,0.0,0.0,0.0,0.0,0.0,1.0,0.0,0.0,0.0,0.0,1.0,1.0,0.0,0.0,0.0,0.0,0.0,1.0,1.0,0.0,0.0,1.0,1.0,1.0,1.0,0.0,0.0,0.0,0.0,0.0,0.0,0.0,0.0,0.0,1.0,0.0,0.0,0.0,1.0,1.0,0.0,0.0,0.0,0.0,0.0,0.0,1.0,0.0,0.0,0.0,0.0,0.0,0.0,0.0,1.0,0.0,1.0,0.0,1.0,0.0,0.0,0.0,1.0,0.0,1.0,1.0,1.0,0.0,2,4,115,1,Brunca,4,Brunca,5,bi-parental,1,12.225244354900001,0,2,2.0,6.0
8172,0.0,3,4,2.0,0.0,0.0,0.0,0.0,0.0,0.0,1.0,1,0,1,0,2,2,1,2,3,3,3,23.6666666667,16.213848675999998,5.33333333333,3.2998316455400003,0.333333333333,0.471404520791,869,0,0,0.0,0.0,1.0,0.0,0.0,0.0,0.0,0.0,0.0,0.0,0.0,0.0,0.0,1.0,0.0,0.0,0.0,0.0,1.0,0.0,0.0,0.0,0.0,1.0,1.0,0.0,0.0,0.0,0.0,0.0,0.0,0.0,1.0,0.0,1.0,1.0,1.0,1.0,0.0,0.0,0.0,0.0,0.0,0.0,0.0,0.0,0.0,1.0,0.0,0.0,0.0,1.0,1.0,0.0,0.0,0.0,0.0,0.0,1.0,0.0,0.0,0.0,0.0,0.0,0.0,0.0,0.0,1.0,1.0,1.0,1.0,1.0,1.0,1.0,1.0,0.0,1.0,1.0,1.0,1.0,0.0,1,4,160,1,Brunca,4,Brunca,4,monoparental,1,10.8717570105,1,1,1.0,5.0
8156,0.0,3,5,2.0,0.0,0.0,0.0,0.0,0.0,1.0,1.0,0,2,2,1,1,2,1,3,4,4,4,29.25,15.3683928893,4.5,2.95803989155,0.0,0.0,868,0,0,0.0,1.0,0.0,0.0,0.0,0.0,0.0,0.0,0.0,0.0,0.0,0.0,0.0,1.0,0.0,0.0,0.0,0.0,1.0,0.0,0.0,0.0,0.0,0.0,0.0,1.0,0.0,0.0,0.0,0.0,1.0,0.0,1.0,1.0,0.0,1.0,1.0,1.0,0.0,0.0,0.0,0.0,0.0,0.0,0.0,0.0,1.0,0.0,0.0,0.0,0.0,1.0,1.0,0.0,0.0,0.0,0.0,0.0,0.0,1.0,0.0,0.0,0.0,0.0,0.0,0.0,0.0,1.0,0.0,1.0,1.0,1.0,1.0,1.0,0.0,0.0,1.0,1.0,1.0,1.0,0.0,2,4,134,1,Brunca,4,Brunca,5,bi-parental,1,11.6188135914,0,1,1.3333333333333333,4.0
8032,75000.0,2,3,4.0,0.0,0.0,0.0,0.0,0.0,0.0,2.0,1,3,4,0,1,1,1,4,5,5,5,25.0,12.727922061400001,7.2,2.31516738056,0.2,0.4,855,0,0,0.0,1.0,0.0,0.0,0.0,0.0,0.0,1.0,0.0,0.0,1.0,0.0,0.0,0.0,0.0,0.0,0.0,0.0,1.0,0.0,0.0,0.0,0.0,1.0,1.0,0.0,0.0,0.0,0.0,0.0,1.0,0.0,1.0,0.0,1.0,1.0,1.0,1.0,0.0,0.0,0.0,0.0,0.0,0.0,0.0,0.0,0.0,1.0,0.0,0.0,0.0,1.0,1.0,0.0,0.0,0.0,0.0,0.0,0.0,1.0,0.0,0.0,0.0,0.0,0.0,0.0,0.0,1.0,0.0,1.0,1.0,1.0,1.0,1.0,1.0,0.0,0.0,1.0,1.0,1.0,0.0,1,4,124,1,Brunca,4,Brunca,5,bi-parental,1,11.096131628499998,1,1,2.5,7.0
7857,0.0,2,4,4.0,0.0,2.0,0.0,0.0,0.0,0.0,0.0,0,3,3,1,1,2,1,4,5,5,5,23.8,13.804347141400001,7.2,2.9257477676700003,0.0,0.0,838,0,0,0.0,1.0,0.0,0.0,0.0,0.0,0.0,0.0,0.0,0.0,1.0,0.0,0.0,0.0,0.0,0.0,0.0,0.0,1.0,0.0,0.0,0.0,0.0,1.0,1.0,0.0,0.0,0.0,0.0,0.0,1.0,0.0,1.0,0.0,1.0,1.0,1.0,1.0,0.0,0.0,0.0,0.0,0.0,0.0,0.0,0.0,0.0,1.0,0.0,0.0,0.0,1.0,1.0,0.0,0.0,0.0,0.0,0.0,1.0,0.0,0.0,0.0,0.0,0.0,0.0,0.0,0.0,1.0,0.0,1.0,0.0,1.0,1.0,1.0,1.0,1.0,1.0,1.0,1.0,0.0,1.0,1,4,114,1,Brunca,4,Brunca,5,bi-parental,1,11.373544156800001,1,1,2.5,7.0
7886,0.0,2,4,3.0,0.0,1.0,0.0,1.0,1.0,2.0,1.0,3,0,3,0,1,1,3,1,4,4,4,15.0,12.6688594593,3.75,2.48746859277,0.0,0.0,841,0,0,0.0,0.0,1.0,0.0,0.0,0.0,0.0,0.0,0.0,1.0,1.0,0.0,0.0,0.0,0.0,0.0,0.0,0.0,1.0,0.0,0.0,0.0,0.0,0.0,1.0,0.0,0.0,0.0,0.0,0.0,1.0,0.0,1.0,0.0,1.0,1.0,1.0,1.0,0.0,0.0,0.0,0.0,0.0,0.0,0.0,0.0,0.0,1.0,0.0,0.0,0.0,1.0,1.0,0.0,0.0,0.0,0.0,0.0,0.0,1.0,0.0,0.0,0.0,0.0,0.0,0.0,0.0,1.0,0.0,1.0,0.0,1.0,0.0,0.0,0.0,0.0,0.0,1.0,1.0,0.0,1.0,1,4,124,1,Brunca,4,Brunca,4,monoparental,1,10.899839453499998,1,3,2.0,3.0
8072,0.0,0,1,3.0,0.0,0.0,0.0,0.0,1.0,0.0,1.0,1,3,4,1,1,2,2,4,6,6,6,17.3333333333,13.199326582100001,4.66666666667,3.34995854037,0.5,1.11803398875,859,0,0,0.0,1.0,0.0,0.0,0.0,0.0,0.0,0.0,0.0,1.0,0.0,0.0,0.0,0.0,0.0,1.0,0.0,0.0,1.0,0.0,0.0,0.0,0.0,0.0,0.0,1.0,0.0,0.0,0.0,0.0,0.0,0.0,0.0,0.0,0.0,0.0,0.0,1.0,0.0,0.0,0.0,0.0,0.0,0.0,0.0,0.0,0.0,1.0,0.0,0.0,0.0,1.0,1.0,0.0,0.0,0.0,0.0,0.0,0.0,1.0,0.0,0.0,0.0,0.0,0.0,0.0,0.0,1.0,0.0,1.0,1.0,1.0,1.0,0.0,1.0,0.0,1.0,1.0,1.0,1.0,0.0,1,4,126,1,Brunca,4,Brunca,5,bi-parental,1,10.9251567999,1,2,6.0,4.0
7913,370000.0,4,7,5.0,0.0,3.0,0.0,0.0,3.0,4.0,0.0,0,2,2,1,3,4,1,5,6,6,6,33.5,25.329495323299998,8.333333333330001,6.0736223861,0.0,0.0,844,0,0,0.0,1.0,0.0,0.0,0.0,0.0,1.0,0.0,0.0,0.0,1.0,0.0,0.0,0.0,0.0,0.0,0.0,0.0,1.0,0.0,0.0,0.0,0.0,1.0,1.0,0.0,0.0,0.0,0.0,0.0,1.0,0.0,1.0,0.0,1.0,1.0,1.0,1.0,0.0,0.0,0.0,0.0,0.0,0.0,0.0,0.0,0.0,1.0,0.0,0.0,0.0,1.0,1.0,0.0,0.0,0.0,0.0,0.0,0.0,1.0,0.0,0.0,0.0,0.0,0.0,0.0,0.0,1.0,0.0,1.0,0.0,1.0,1.0,0.0,0.0,1.0,0.0,1.0,1.0,0.0,1.0,2,4,122,1,Brunca,4,Brunca,5,bi-parental,1,12.6005254888,0,1,1.5,8.0
8144,130000.0,2,5,2.0,0.0,1.0,0.0,0.0,0.0,1.0,1.0,1,1,2,0,1,1,1,2,3,3,3,23.3333333333,15.4128373623,7.0,5.09901951359,0.0,0.0,867,0,0,0.0,1.0,0.0,0.0,0.0,0.0,0.0,1.0,0.0,0.0,0.0,0.0,1.0,0.0,0.0,0.0,0.0,0.0,1.0,0.0,0.0,0.0,0.0,0.0,0.0,0.0,1.0,0.0,0.0,0.0,0.0,0.0,0.0,0.0,0.0,1.0,1.0,1.0,0.0,0.0,0.0,0.0,0.0,0.0,0.0,0.0,0.0,1.0,0.0,0.0,0.0,1.0,1.0,0.0,0.0,0.0,0.0,0.0,0.0,1.0,0.0,0.0,0.0,0.0,0.0,0.0,0.0,1.0,1.0,1.0,0.0,1.0,1.0,1.0,0.0,0.0,0.0,1.0,1.0,0.0,1.0,2,4,124,1,Brunca,4,Brunca,5,bi-parental,1,11.808086996400002,0,1,1.5,7.0
8228,0.0,3,6,3.0,0.0,1.0,0.0,1.0,1.0,1.0,0.0,0,2,2,1,3,4,1,5,6,6,6,25.1666666667,19.3943004228,6.666666666669999,5.02217305777,0.0,0.0,876,0,0,0.0,1.0,0.0,0.0,0.0,0.0,0.0,0.0,0.0,0.0,1.0,0.0,0.0,0.0,0.0,0.0,0.0,0.0,1.0,0.0,0.0,0.0,0.0,1.0,1.0,0.0,0.0,0.0,0.0,0.0,1.0,0.0,1.0,0.0,1.0,1.0,1.0,1.0,0.0,0.0,0.0,0.0,0.0,0.0,0.0,0.0,0.0,1.0,0.0,0.0,0.0,1.0,1.0,0.0,0.0,0.0,0.0,0.0,0.0,1.0,0.0,0.0,0.0,0.0,0.0,0.0,0.0,1.0,0.0,1.0,0.0,1.0,0.0,0.0,0.0,1.0,0.0,1.0,1.0,1.0,0.0,2,4,135,1,Brunca,4,Brunca,5,bi-parental,1,12.431717067100001,0,1,2.0,6.0
8007,0.0,3,5,3.0,0.0,0.0,0.0,0.0,0.0,0.0,1.0,1,1,2,0,2,2,1,3,4,4,4,25.0,16.6433169771,4.25,3.03108891325,0.0,0.0,853,0,0,0.0,1.0,0.0,0.0,0.0,0.0,0.0,0.0,0.0,1.0,1.0,0.0,0.0,0.0,0.0,0.0,0.0,0.0,1.0,0.0,0.0,0.0,0.0,0.0,0.0,1.0,0.0,0.0,0.0,1.0,0.0,0.0,1.0,0.0,1.0,1.0,1.0,1.0,0.0,0.0,0.0,0.0,0.0,0.0,0.0,0.0,1.0,0.0,0.0,0.0,0.0,1.0,1.0,0.0,0.0,0.0,0.0,0.0,0.0,1.0,0.0,1.0,0.0,0.0,0.0,0.0,0.0,1.0,0.0,1.0,1.0,1.0,1.0,1.0,1.0,0.0,0.0,1.0,0.0,0.0,0.0,2,4,117,1,Brunca,4,Brunca,5,bi-parental,1,11.686992211,0,1,1.3333333333333333,4.0
8180,0.0,2,5,2.0,0.0,0.0,0.0,1.0,1.0,1.0,0.0,1,2,3,1,1,2,2,3,5,5,5,31.4,27.0820974077,3.8,5.15363949069,0.0,0.0,870,0,0,0.0,1.0,0.0,0.0,0.0,0.0,0.0,0.0,0.0,0.0,0.0,1.0,0.0,0.0,0.0,0.0,0.0,0.0,1.0,0.0,0.0,0.0,0.0,1.0,1.0,0.0,0.0,0.0,0.0,0.0,0.0,0.0,0.0,1.0,0.0,1.0,1.0,1.0,0.0,0.0,0.0,0.0,0.0,0.0,0.0,0.0,0.0,1.0,0.0,0.0,0.0,1.0,1.0,0.0,0.0,0.0,0.0,0.0,0.0,1.0,0.0,0.0,0.0,0.0,0.0,0.0,0.0,1.0,0.0,1.0,1.0,1.0,0.0,0.0,0.0,1.0,0.0,1.0,0.0,0.0,0.0,2,4,133,1,Brunca,4,Brunca,5,bi-parental,1,11.6100612501,0,2,2.5,3.0
7845,0.0,3,6,3.0,1.0,0.0,1.0,0.0,1.0,2.0,1.0,0,2,2,1,1,2,1,3,4,4,4,26.25,19.2921616207,7.0,5.33853912602,0.0,0.0,837,0,0,0.0,1.0,0.0,0.0,0.0,0.0,0.0,0.0,0.0,1.0,1.0,0.0,0.0,0.0,0.0,0.0,0.0,0.0,1.0,0.0,0.0,0.0,0.0,1.0,1.0,0.0,0.0,0.0,0.0,0.0,1.0,0.0,1.0,0.0,1.0,1.0,1.0,1.0,0.0,0.0,0.0,0.0,0.0,0.0,0.0,0.0,0.0,1.0,0.0,0.0,0.0,1.0,1.0,0.0,0.0,0.0,0.0,0.0,1.0,0.0,0.0,0.0,0.0,0.0,0.0,0.0,0.0,0.0,0.0,1.0,1.0,0.0,1.0,0.0,0.0,0.0,1.0,0.0,0.0,0.0,0.0,2,4,116,1,Brunca,4,Brunca,5,bi-parental,1,11.676327504400001,0,1,1.3333333333333333,7.0
8097,0.0,2,4,2.0,0.0,1.0,0.0,2.0,2.0,1.0,2.0,1,1,2,1,1,2,2,2,4,4,4,19.75,14.2894191624,6.75,6.4177488265,0.0,0.0,862,0,0,0.0,1.0,0.0,0.0,0.0,0.0,0.0,0.0,0.0,0.0,0.0,1.0,0.0,0.0,0.0,0.0,0.0,0.0,1.0,0.0,0.0,0.0,0.0,1.0,0.0,1.0,0.0,0.0,0.0,0.0,1.0,0.0,1.0,0.0,1.0,1.0,1.0,1.0,0.0,0.0,0.0,0.0,0.0,0.0,0.0,0.0,0.0,1.0,0.0,0.0,0.0,1.0,1.0,0.0,0.0,0.0,0.0,0.0,0.0,1.0,0.0,0.0,0.0,0.0,0.0,0.0,0.0,1.0,0.0,1.0,0.0,1.0,0.0,0.0,0.0,0.0,0.0,1.0,1.0,0.0,1.0,2,4,131,1,Brunca,4,Brunca,5,bi-parental,1,13.123525035799998,0,2,2.0,6.0
7917,60000.0,2,5,3.0,0.0,1.0,0.0,0.0,0.0,1.0,0.0,0,0,0,1,3,4,1,3,4,4,4,19.0,9.87420882907,5.5,2.69258240357,1.0,1.22474487139,844,0,0,0.0,1.0,0.0,0.0,0.0,0.0,0.0,1.0,0.0,0.0,0.0,0.0,0.0,1.0,0.0,0.0,0.0,0.0,1.0,0.0,0.0,0.0,0.0,1.0,1.0,0.0,0.0,0.0,0.0,0.0,1.0,0.0,1.0,0.0,1.0,1.0,1.0,1.0,0.0,0.0,0.0,0.0,0.0,0.0,0.0,0.0,0.0,1.0,0.0,0.0,0.0,1.0,1.0,0.0,0.0,0.0,0.0,0.0,0.0,1.0,0.0,0.0,0.0,0.0,0.0,0.0,0.0,1.0,0.0,1.0,0.0,1.0,1.0,1.0,0.0,1.0,1.0,1.0,1.0,1.0,0.0,1,4,122,1,Brunca,4,Brunca,4,monoparental,1,10.995846999500001,1,1,2.0,5.0
7956,221000.0,2,5,3.0,0.0,1.0,0.0,0.0,0.0,1.0,1.0,0,1,1,1,1,2,1,2,3,3,3,27.0,11.430952133,8.666666666669999,3.85861230093,0.0,0.0,848,0,0,0.0,0.0,1.0,0.0,0.0,0.0,1.0,0.0,0.0,0.0,1.0,0.0,0.0,0.0,0.0,0.0,0.0,0.0,1.0,0.0,0.0,0.0,0.0,1.0,1.0,0.0,0.0,0.0,0.0,0.0,1.0,0.0,1.0,0.0,1.0,1.0,1.0,1.0,0.0,0.0,0.0,0.0,0.0,0.0,0.0,0.0,0.0,1.0,0.0,0.0,0.0,1.0,1.0,0.0,0.0,0.0,0.0,0.0,1.0,0.0,0.0,0.0,0.0,0.0,0.0,0.0,0.0,1.0,0.0,1.0,0.0,1.0,1.0,1.0,0.0,0.0,0.0,1.0,1.0,1.0,0.0,2,4,112,1,Brunca,4,Brunca,5,bi-parental,1,12.833004949500001,0,1,1.5,8.0
8114,100000.0,2,4,1.0,0.0,0.0,0.0,0.0,0.0,1.0,0.0,1,1,2,0,1,1,1,2,3,3,3,24.0,17.1464281995,4.66666666667,3.3993463424,0.0,0.0,864,0,0,0.0,0.0,1.0,0.0,0.0,0.0,0.0,1.0,0.0,0.0,1.0,0.0,0.0,0.0,0.0,0.0,0.0,0.0,1.0,0.0,0.0,0.0,0.0,1.0,1.0,0.0,0.0,0.0,0.0,0.0,1.0,0.0,1.0,0.0,1.0,1.0,1.0,1.0,0.0,0.0,1.0,0.0,0.0,0.0,0.0,0.0,1.0,0.0,0.0,0.0,0.0,1.0,1.0,0.0,0.0,0.0,0.0,0.0,0.0,1.0,0.0,0.0,0.0,0.0,0.0,0.0,0.0,1.0,0.0,1.0,1.0,1.0,1.0,1.0,0.0,1.0,0.0,1.0,1.0,0.0,1.0,2,4,130,1,Brunca,4,Brunca,5,bi-parental,1,11.7884309218,0,1,1.5,4.0
7987,0.0,1,2,2.0,0.0,0.0,0.0,0.0,0.0,1.0,0.0,0,1,1,1,1,2,1,2,3,3,3,24.6666666667,17.016332024100002,4.66666666667,3.3993463424,0.0,0.0,851,0,0,0.0,1.0,0.0,0.0,0.0,0.0,0.0,0.0,0.0,1.0,1.0,0.0,0.0,0.0,0.0,0.0,0.0,0.0,1.0,0.0,0.0,0.0,0.0,1.0,1.0,0.0,0.0,0.0,0.0,0.0,1.0,0.0,1.0,0.0,1.0,1.0,1.0,1.0,0.0,0.0,0.0,0.0,0.0,0.0,0.0,0.0,0.0,1.0,0.0,0.0,0.0,1.0,1.0,0.0,0.0,0.0,0.0,0.0,0.0,1.0,0.0,0.0,0.0,0.0,0.0,0.0,0.0,1.0,0.0,1.0,1.0,1.0,1.0,1.0,0.0,1.0,0.0,1.0,1.0,1.0,0.0,1,4,124,1,Brunca,4,Brunca,5,bi-parental,1,11.1004911281,1,1,3.0,4.0
8096,0.0,2,3,2.0,0.0,0.0,0.0,0.0,0.0,1.0,1.0,1,1,2,0,1,1,1,2,3,3,3,16.0,10.6144555521,8.666666666669999,6.34209919681,0.0,0.0,862,0,0,0.0,0.0,1.0,0.0,0.0,0.0,0.0,0.0,0.0,0.0,0.0,0.0,0.0,0.0,0.0,1.0,0.0,0.0,1.0,0.0,0.0,0.0,0.0,0.0,0.0,1.0,0.0,0.0,0.0,0.0,1.0,0.0,1.0,0.0,1.0,1.0,1.0,1.0,0.0,0.0,0.0,0.0,0.0,0.0,0.0,0.0,0.0,0.0,0.0,0.0,0.0,0.0,1.0,0.0,0.0,0.0,0.0,0.0,0.0,1.0,0.0,0.0,0.0,0.0,0.0,0.0,0.0,1.0,0.0,1.0,1.0,1.0,1.0,1.0,0.0,0.0,1.0,1.0,0.0,0.0,0.0,2,4,131,1,Brunca,4,Brunca,5,bi-parental,1,12.180561428499999,0,1,1.5,8.0
7950,210000.0,4,11,5.0,0.0,1.0,1.0,0.0,1.0,3.0,0.0,1,2,3,0,3,3,1,5,6,6,6,32.6666666667,20.442330808599998,7.333333333330001,4.42216638714,0.0,0.0,848,0,0,0.0,0.0,1.0,0.0,0.0,0.0,0.0,1.0,0.0,0.0,1.0,0.0,0.0,0.0,0.0,0.0,0.0,0.0,1.0,0.0,0.0,0.0,0.0,1.0,1.0,0.0,0.0,0.0,0.0,1.0,0.0,1.0,0.0,1.0,0.0,1.0,1.0,1.0,0.0,0.0,0.0,0.0,0.0,0.0,0.0,0.0,1.0,0.0,0.0,0.0,0.0,1.0,1.0,0.0,0.0,0.0,0.0,0.0,0.0,1.0,0.0,0.0,0.0,0.0,0.0,0.0,0.0,1.0,0.0,1.0,0.0,0.0,1.0,0.0,0.0,1.0,0.0,1.0,1.0,0.0,1.0,2,4,112,1,Brunca,4,Brunca,5,bi-parental,1,12.3099833107,0,1,1.5,7.0
7958,200000.0,2,4,2.0,0.0,1.0,0.0,0.0,1.0,1.0,0.0,0,1,1,2,1,3,2,2,4,4,4,17.25,16.4525833838,8.0,8.0,0.0,0.0,848,0,0,0.0,0.0,1.0,0.0,0.0,0.0,1.0,0.0,0.0,0.0,0.0,0.0,0.0,1.0,0.0,0.0,0.0,0.0,1.0,0.0,0.0,0.0,0.0,1.0,1.0,0.0,0.0,0.0,0.0,0.0,1.0,0.0,1.0,0.0,1.0,1.0,1.0,1.0,0.0,0.0,0.0,0.0,0.0,0.0,0.0,0.0,0.0,1.0,0.0,0.0,0.0,1.0,1.0,0.0,0.0,0.0,0.0,0.0,1.0,0.0,0.0,0.0,0.0,0.0,0.0,0.0,0.0,1.0,0.0,1.0,0.0,1.0,1.0,0.0,0.0,1.0,0.0,1.0,1.0,1.0,0.0,2,4,112,1,Brunca,4,Brunca,5,bi-parental,1,12.3703872119,0,2,2.0,8.0
8062,85000.0,2,3,3.0,0.0,0.0,0.0,1.0,0.0,1.0,0.0,0,1,1,1,1,2,1,2,3,3,3,28.6666666667,14.079141388,5.666666666669999,2.05480466766,0.0,0.0,858,0,0,0.0,1.0,0.0,0.0,0.0,0.0,1.0,0.0,0.0,0.0,1.0,0.0,0.0,0.0,0.0,0.0,0.0,0.0,1.0,0.0,0.0,0.0,0.0,1.0,0.0,1.0,0.0,0.0,0.0,1.0,0.0,1.0,0.0,1.0,0.0,1.0,1.0,1.0,0.0,0.0,0.0,0.0,0.0,0.0,0.0,0.0,0.0,1.0,0.0,0.0,0.0,1.0,1.0,0.0,0.0,0.0,0.0,0.0,0.0,1.0,0.0,0.0,0.0,0.0,0.0,0.0,0.0,1.0,0.0,1.0,1.0,1.0,0.0,1.0,0.0,1.0,1.0,1.0,1.0,1.0,0.0,2,4,124,1,Brunca,4,Brunca,5,bi-parental,1,12.174472466700001,0,1,1.5,5.0
7982,0.0,2,4,2.0,0.0,1.0,0.0,0.0,0.0,1.0,0.0,1,2,3,2,3,5,3,5,8,8,8,16.5,11.9582607431,5.5,4.1533119314599976,0.125,0.330718913883,850,0,0,0.0,1.0,0.0,0.0,0.0,0.0,0.0,0.0,0.0,0.0,0.0,0.0,0.0,1.0,0.0,0.0,0.0,0.0,1.0,0.0,0.0,0.0,0.0,0.0,0.0,0.0,0.0,0.0,0.0,0.0,0.0,0.0,0.0,0.0,0.0,0.0,1.0,1.0,0.0,0.0,0.0,0.0,0.0,0.0,0.0,0.0,0.0,1.0,0.0,0.0,0.0,1.0,1.0,0.0,0.0,0.0,0.0,0.0,0.0,1.0,0.0,0.0,1.0,0.0,0.0,0.0,0.0,1.0,0.0,1.0,0.0,1.0,1.0,1.0,0.0,1.0,0.0,1.0,1.0,0.0,1.0,0,4,126,1,Brunca,4,Brunca,5,bi-parental,1,10.3928647955,1,3,4.0,5.0
8012,25000.0,1,3,2.0,0.0,0.0,0.0,0.0,1.0,0.0,1.0,0,1,1,1,1,2,1,2,3,3,3,21.6666666667,14.055445761500001,7.666666666669999,5.43650214343,0.0,0.0,853,0,0,0.0,1.0,0.0,0.0,0.0,0.0,0.0,1.0,0.0,0.0,0.0,0.0,1.0,0.0,0.0,0.0,0.0,0.0,1.0,0.0,0.0,0.0,0.0,1.0,0.0,1.0,0.0,0.0,0.0,1.0,0.0,1.0,0.0,1.0,0.0,1.0,1.0,1.0,0.0,0.0,0.0,0.0,0.0,0.0,0.0,0.0,0.0,1.0,0.0,0.0,0.0,1.0,1.0,0.0,0.0,0.0,0.0,0.0,0.0,1.0,0.0,0.0,0.0,0.0,0.0,0.0,0.0,1.0,0.0,1.0,1.0,1.0,1.0,0.0,1.0,0.0,0.0,1.0,1.0,1.0,0.0,1,4,117,1,Brunca,4,Brunca,5,bi-parental,1,11.552155793499999,1,1,3.0,7.0
8152,65000.0,1,3,2.0,0.0,0.0,0.0,0.0,0.0,0.0,0.0,0,0,0,2,2,4,2,2,4,4,4,14.5,13.388427839,3.25,3.26917420766,0.25,0.433012701892,867,0,0,0.0,0.0,0.0,1.0,0.0,0.0,0.0,1.0,0.0,0.0,0.0,0.0,1.0,0.0,0.0,0.0,0.0,0.0,1.0,0.0,0.0,0.0,0.0,1.0,0.0,1.0,0.0,0.0,0.0,1.0,0.0,1.0,0.0,1.0,0.0,0.0,1.0,1.0,0.0,0.0,0.0,0.0,0.0,0.0,0.0,0.0,0.0,1.0,0.0,0.0,0.0,1.0,1.0,0.0,0.0,0.0,0.0,0.0,0.0,1.0,0.0,0.0,0.0,0.0,0.0,0.0,0.0,1.0,0.0,1.0,1.0,1.0,1.0,1.0,1.0,1.0,1.0,1.0,1.0,1.0,0.0,1,4,124,1,Brunca,4,Brunca,4,monoparental,1,11.4978981179,1,2,4.0,3.0
8227,0.0,2,3,1.0,0.0,0.0,0.0,0.0,0.0,1.0,0.0,0,1,1,2,1,3,2,2,4,4,4,16.75,12.3768937945,3.5,4.5,0.0,0.0,876,0,0,0.0,1.0,0.0,0.0,0.0,0.0,0.0,0.0,0.0,0.0,0.0,0.0,0.0,1.0,0.0,0.0,0.0,0.0,1.0,0.0,0.0,0.0,0.0,0.0,0.0,1.0,0.0,0.0,0.0,1.0,0.0,0.0,1.0,1.0,0.0,1.0,1.0,1.0,0.0,0.0,0.0,0.0,0.0,0.0,0.0,0.0,0.0,1.0,0.0,0.0,0.0,1.0,1.0,0.0,0.0,0.0,0.0,0.0,0.0,1.0,0.0,0.0,0.0,0.0,0.0,0.0,0.0,1.0,0.0,1.0,1.0,1.0,1.0,1.0,0.0,1.0,1.0,1.0,1.0,1.0,0.0,2,4,135,1,Brunca,4,Brunca,5,bi-parental,1,12.2672613435,0,2,2.0,3.0
8198,0.0,4,6,4.0,0.0,3.0,0.0,0.0,0.0,3.0,1.0,0,1,1,2,3,5,2,4,6,6,6,29.1666666667,20.923803563299998,4.83333333333,2.26691175146,0.166666666667,0.37267799625,872,0,0,0.0,1.0,0.0,0.0,0.0,0.0,0.0,0.0,0.0,1.0,0.0,0.0,1.0,0.0,0.0,0.0,0.0,0.0,1.0,0.0,0.0,0.0,0.0,1.0,0.0,1.0,0.0,0.0,0.0,0.0,1.0,0.0,1.0,1.0,0.0,1.0,1.0,1.0,0.0,0.0,0.0,0.0,1.0,0.0,0.0,0.0,1.0,0.0,0.0,0.0,0.0,1.0,1.0,0.0,0.0,0.0,0.0,0.0,0.0,1.0,0.0,0.0,0.0,0.0,0.0,1.0,0.0,1.0,0.0,1.0,0.0,1.0,1.0,1.0,0.0,0.0,0.0,1.0,1.0,0.0,1.0,2,4,131,1,Brunca,4,Brunca,5,bi-parental,1,11.8717639401,0,2,1.5,4.0
7866,0.0,2,5,1.0,1.0,1.0,1.0,1.0,1.0,1.0,1.0,1,0,1,0,1,1,1,1,2,2,2,23.0,14.0,9.0,7.0,0.0,0.0,839,0,0,0.0,1.0,0.0,0.0,0.0,0.0,0.0,0.0,0.0,0.0,1.0,0.0,0.0,0.0,0.0,0.0,0.0,0.0,1.0,0.0,0.0,0.0,0.0,1.0,1.0,0.0,0.0,0.0,0.0,1.0,0.0,1.0,0.0,1.0,0.0,1.0,1.0,1.0,0.0,0.0,0.0,0.0,0.0,0.0,0.0,0.0,0.0,1.0,0.0,0.0,0.0,1.0,1.0,0.0,0.0,0.0,0.0,0.0,1.0,0.0,0.0,0.0,0.0,0.0,0.0,0.0,0.0,0.0,0.0,1.0,0.0,0.0,0.0,0.0,0.0,0.0,0.0,1.0,0.0,0.0,0.0,2,4,122,1,Brunca,4,Brunca,4,monoparental,1,12.5195455078,0,1,1.0,9.0
8055,90000.0,4,6,5.0,0.0,1.0,0.0,0.0,1.0,1.0,0.0,0,2,2,1,2,3,1,4,5,5,5,26.0,14.953260514,5.8,2.56124969497,0.0,0.0,858,0,0,0.0,0.0,1.0,0.0,0.0,0.0,1.0,0.0,0.0,0.0,0.0,0.0,0.0,0.0,0.0,1.0,0.0,0.0,1.0,0.0,0.0,0.0,0.0,0.0,0.0,1.0,0.0,0.0,0.0,1.0,0.0,1.0,0.0,1.0,0.0,1.0,1.0,1.0,0.0,0.0,0.0,0.0,0.0,0.0,0.0,0.0,0.0,1.0,0.0,0.0,0.0,1.0,1.0,0.0,0.0,0.0,0.0,0.0,0.0,1.0,0.0,0.0,0.0,0.0,0.0,0.0,0.0,1.0,0.0,1.0,0.0,1.0,1.0,0.0,0.0,1.0,1.0,1.0,1.0,1.0,0.0,1,4,124,1,Brunca,4,Brunca,5,bi-parental,1,11.395091178,1,1,1.25,5.0
8127,0.0,3,5,1.0,0.0,0.0,0.0,0.0,0.0,2.0,0.0,0,1,1,1,2,3,1,3,4,4,4,27.75,18.9917745353,8.25,4.76313972081,0.0,0.0,865,0,0,0.0,0.0,1.0,0.0,0.0,0.0,0.0,0.0,0.0,0.0,1.0,0.0,0.0,0.0,0.0,0.0,0.0,0.0,1.0,0.0,0.0,0.0,0.0,0.0,0.0,1.0,0.0,0.0,0.0,0.0,1.0,1.0,0.0,0.0,1.0,1.0,1.0,1.0,0.0,0.0,0.0,0.0,0.0,0.0,0.0,0.0,0.0,1.0,0.0,0.0,0.0,1.0,1.0,0.0,0.0,0.0,0.0,0.0,0.0,0.0,1.0,0.0,0.0,0.0,0.0,0.0,0.0,1.0,0.0,1.0,1.0,1.0,1.0,1.0,0.0,1.0,1.0,1.0,0.0,0.0,0.0,1,4,131,1,Brunca,4,Brunca,5,bi-parental,1,11.175541813099999,1,1,1.3333333333333333,8.0
8197,0.0,3,5,2.0,0.0,1.0,0.0,0.0,0.0,0.0,1.0,0,1,1,1,1,2,1,2,3,3,3,29.6666666667,14.6135401445,3.66666666667,1.6996731712,0.0,0.0,872,0,0,0.0,1.0,0.0,0.0,0.0,0.0,0.0,0.0,0.0,1.0,0.0,0.0,0.0,1.0,0.0,0.0,0.0,0.0,1.0,0.0,0.0,0.0,0.0,1.0,0.0,1.0,0.0,0.0,0.0,1.0,0.0,0.0,1.0,1.0,0.0,1.0,1.0,1.0,0.0,0.0,0.0,0.0,1.0,0.0,0.0,0.0,1.0,0.0,0.0,0.0,0.0,1.0,1.0,0.0,0.0,0.0,0.0,0.0,1.0,0.0,0.0,0.0,0.0,0.0,0.0,0.0,0.0,1.0,0.0,1.0,0.0,1.0,1.0,1.0,1.0,0.0,1.0,1.0,1.0,1.0,0.0,2,4,131,1,Brunca,4,Brunca,5,bi-parental,1,12.122729659,0,1,1.0,3.0
8094,90000.0,2,5,2.0,0.0,0.0,0.0,0.0,0.0,1.0,0.0,0,1,1,1,1,2,1,2,3,3,3,20.0,16.0623784042,7.0,4.966554808580001,0.0,0.0,862,0,0,0.0,0.0,0.0,1.0,0.0,0.0,0.0,1.0,0.0,0.0,1.0,0.0,0.0,0.0,0.0,0.0,0.0,0.0,1.0,0.0,0.0,0.0,0.0,1.0,1.0,0.0,0.0,0.0,0.0,0.0,1.0,0.0,1.0,0.0,1.0,1.0,1.0,1.0,0.0,0.0,0.0,0.0,0.0,0.0,0.0,0.0,0.0,1.0,0.0,0.0,0.0,1.0,1.0,0.0,0.0,0.0,0.0,0.0,1.0,0.0,0.0,0.0,0.0,0.0,0.0,0.0,0.0,1.0,0.0,1.0,1.0,1.0,1.0,1.0,0.0,1.0,0.0,1.0,1.0,1.0,0.0,2,4,131,1,Brunca,4,Brunca,4,monoparental,1,12.6793019694,0,1,1.5,7.0
7863,0.0,2,4,2.0,0.0,0.0,0.0,0.0,0.0,1.0,0.0,2,1,3,1,1,2,3,2,5,5,5,12.0,11.558546621400001,3.2,3.96988664826,0.0,0.0,839,0,0,0.0,1.0,0.0,0.0,0.0,0.0,0.0,0.0,0.0,1.0,1.0,0.0,0.0,0.0,0.0,0.0,0.0,0.0,1.0,0.0,0.0,0.0,0.0,1.0,1.0,0.0,0.0,0.0,0.0,0.0,1.0,0.0,1.0,0.0,1.0,1.0,1.0,1.0,0.0,0.0,0.0,0.0,0.0,0.0,0.0,0.0,1.0,0.0,0.0,0.0,0.0,1.0,1.0,0.0,0.0,0.0,0.0,0.0,0.0,1.0,0.0,0.0,0.0,0.0,0.0,0.0,0.0,1.0,0.0,1.0,1.0,1.0,1.0,1.0,0.0,1.0,0.0,1.0,0.0,0.0,0.0,0,4,122,1,Brunca,4,Brunca,5,bi-parental,1,10.2819582342,1,3,2.5,3.0
8146,0.0,2,4,2.0,0.0,0.0,0.0,0.0,0.0,1.0,1.0,1,1,2,0,1,1,1,2,3,3,3,16.6666666667,8.99382504215,7.333333333330001,5.1854497287,0.0,0.0,867,0,0,0.0,1.0,0.0,0.0,0.0,0.0,0.0,0.0,0.0,1.0,1.0,0.0,0.0,0.0,0.0,0.0,0.0,0.0,1.0,0.0,0.0,0.0,0.0,1.0,1.0,0.0,0.0,0.0,0.0,0.0,1.0,0.0,1.0,0.0,1.0,1.0,1.0,1.0,0.0,0.0,0.0,0.0,0.0,0.0,0.0,0.0,0.0,1.0,0.0,0.0,0.0,1.0,1.0,0.0,0.0,0.0,0.0,0.0,0.0,1.0,0.0,0.0,0.0,0.0,0.0,0.0,0.0,1.0,0.0,1.0,1.0,1.0,1.0,1.0,0.0,0.0,1.0,0.0,1.0,1.0,0.0,2,4,124,1,Brunca,4,Brunca,5,bi-parental,1,12.5494124763,0,1,1.5,7.0
8042,0.0,3,4,3.0,0.0,0.0,1.0,0.0,0.0,1.0,1.0,1,0,1,1,2,3,2,2,4,4,4,20.0,13.583077707200001,6.0,3.5355339059300004,0.5,0.5,856,0,0,0.0,1.0,0.0,0.0,0.0,0.0,0.0,0.0,0.0,0.0,1.0,0.0,0.0,0.0,0.0,0.0,0.0,0.0,1.0,0.0,0.0,0.0,0.0,0.0,0.0,1.0,0.0,0.0,0.0,1.0,0.0,1.0,0.0,0.0,0.0,1.0,1.0,1.0,0.0,0.0,0.0,0.0,0.0,0.0,0.0,0.0,0.0,1.0,0.0,0.0,0.0,1.0,1.0,0.0,0.0,0.0,0.0,0.0,0.0,1.0,0.0,0.0,0.0,0.0,0.0,0.0,0.0,1.0,0.0,1.0,1.0,0.0,1.0,1.0,0.0,0.0,0.0,1.0,1.0,1.0,0.0,1,4,116,1,Brunca,4,Brunca,4,monoparental,1,10.9552003885,1,2,1.3333333333333333,6.0
7847,300000.0,3,5,2.0,0.0,1.0,1.0,1.0,1.0,1.0,0.0,0,2,2,1,1,2,1,3,4,4,4,21.75,14.2368360249,7.5,5.02493781056,0.0,0.0,837,0,0,0.0,1.0,0.0,0.0,0.0,0.0,1.0,0.0,0.0,0.0,1.0,0.0,0.0,0.0,0.0,0.0,0.0,0.0,1.0,0.0,0.0,0.0,0.0,1.0,1.0,0.0,0.0,0.0,0.0,0.0,1.0,0.0,1.0,0.0,1.0,1.0,1.0,1.0,0.0,0.0,0.0,0.0,0.0,0.0,0.0,0.0,0.0,1.0,0.0,0.0,0.0,1.0,1.0,0.0,0.0,0.0,0.0,0.0,1.0,0.0,0.0,0.0,0.0,0.0,0.0,0.0,0.0,1.0,0.0,1.0,0.0,0.0,0.0,0.0,0.0,1.0,1.0,1.0,1.0,0.0,1.0,2,4,116,1,Brunca,4,Brunca,5,bi-parental,1,12.1830521966,0,1,1.3333333333333333,7.0
8209,0.0,2,4,2.0,0.0,0.0,0.0,0.0,0.0,1.0,0.0,2,1,3,0,1,1,2,2,4,4,4,18.0,14.230249470799999,5.5,5.5,0.0,0.0,874,0,0,0.0,0.0,1.0,0.0,0.0,0.0,0.0,0.0,0.0,1.0,1.0,0.0,0.0,0.0,0.0,0.0,0.0,0.0,1.0,0.0,0.0,0.0,0.0,1.0,0.0,1.0,0.0,0.0,0.0,1.0,0.0,0.0,0.0,1.0,0.0,1.0,1.0,1.0,0.0,0.0,1.0,0.0,0.0,0.0,0.0,0.0,0.0,1.0,0.0,0.0,0.0,1.0,1.0,0.0,0.0,0.0,0.0,0.0,0.0,1.0,0.0,0.0,0.0,0.0,0.0,0.0,0.0,1.0,0.0,1.0,1.0,1.0,1.0,1.0,0.0,1.0,1.0,1.0,1.0,1.0,0.0,0,4,133,1,Brunca,4,Brunca,5,bi-parental,1,10.233726114400001,1,2,2.0,5.0
8123,0.0,2,4,5.0,1.0,0.0,0.0,0.0,0.0,1.0,0.0,1,2,3,0,2,2,1,4,5,5,5,40.8,27.7661664621,5.6,4.54312667664,0.0,0.0,864,0,0,0.0,0.0,1.0,0.0,0.0,0.0,0.0,0.0,0.0,0.0,0.0,0.0,1.0,0.0,0.0,0.0,0.0,0.0,1.0,0.0,0.0,0.0,0.0,1.0,0.0,1.0,0.0,0.0,0.0,1.0,0.0,1.0,0.0,1.0,0.0,1.0,1.0,1.0,0.0,0.0,1.0,0.0,0.0,0.0,0.0,0.0,1.0,0.0,0.0,0.0,0.0,1.0,1.0,0.0,0.0,0.0,0.0,0.0,0.0,1.0,0.0,0.0,0.0,0.0,0.0,0.0,0.0,0.0,0.0,1.0,1.0,1.0,1.0,1.0,0.0,1.0,0.0,1.0,1.0,0.0,1.0,1,4,130,1,Brunca,4,Brunca,5,bi-parental,1,11.5043656003,1,1,2.5,5.0
8108,0.0,2,4,2.0,1.0,1.0,0.0,1.0,0.0,1.0,1.0,0,1,1,1,1,2,1,2,3,3,3,20.3333333333,11.6141675935,8.0,5.715476066490001,0.0,0.0,863,0,0,0.0,1.0,0.0,0.0,0.0,0.0,0.0,0.0,0.0,0.0,0.0,0.0,0.0,1.0,0.0,0.0,0.0,0.0,1.0,0.0,0.0,0.0,0.0,1.0,1.0,0.0,0.0,0.0,0.0,0.0,1.0,0.0,1.0,0.0,1.0,1.0,1.0,1.0,0.0,0.0,0.0,0.0,0.0,0.0,0.0,0.0,0.0,1.0,0.0,0.0,0.0,1.0,1.0,0.0,0.0,0.0,0.0,0.0,0.0,1.0,0.0,0.0,0.0,0.0,0.0,0.0,0.0,0.0,0.0,1.0,0.0,1.0,0.0,1.0,0.0,0.0,0.0,1.0,1.0,0.0,1.0,2,4,135,1,Brunca,4,Brunca,5,bi-parental,1,11.9991502886,0,1,1.5,8.0
8065,0.0,2,4,4.0,0.0,1.0,0.0,0.0,1.0,1.0,1.0,0,3,3,1,1,2,1,4,5,5,5,22.6,12.499599993599999,6.0,2.8982753492400004,0.0,0.0,859,0,0,0.0,1.0,0.0,0.0,0.0,0.0,0.0,0.0,0.0,0.0,0.0,1.0,0.0,0.0,0.0,0.0,0.0,0.0,1.0,0.0,0.0,0.0,0.0,0.0,1.0,0.0,0.0,0.0,0.0,0.0,0.0,0.0,0.0,0.0,1.0,1.0,1.0,1.0,0.0,0.0,0.0,0.0,0.0,0.0,0.0,0.0,0.0,1.0,0.0,0.0,0.0,1.0,1.0,0.0,0.0,0.0,0.0,0.0,0.0,1.0,0.0,0.0,0.0,0.0,0.0,0.0,0.0,1.0,0.0,1.0,0.0,1.0,1.0,0.0,0.0,0.0,1.0,1.0,1.0,1.0,0.0,0,4,126,1,Brunca,4,Brunca,5,bi-parental,1,10.5023515258,1,1,2.5,6.0
8175,0.0,3,5,2.0,0.0,1.0,0.0,0.0,0.0,1.0,0.0,1,0,1,1,2,3,2,2,4,4,4,25.0,22.022715545500002,6.75,6.97764286848,0.0,0.0,870,0,0,0.0,1.0,0.0,0.0,0.0,0.0,0.0,0.0,0.0,1.0,0.0,1.0,0.0,0.0,0.0,0.0,0.0,0.0,1.0,0.0,0.0,0.0,0.0,1.0,1.0,0.0,0.0,0.0,0.0,0.0,1.0,0.0,1.0,0.0,1.0,1.0,1.0,1.0,0.0,0.0,0.0,0.0,0.0,0.0,0.0,0.0,0.0,1.0,0.0,0.0,0.0,1.0,1.0,0.0,0.0,0.0,0.0,0.0,1.0,0.0,0.0,0.0,0.0,0.0,0.0,0.0,0.0,1.0,0.0,1.0,0.0,1.0,1.0,1.0,0.0,1.0,0.0,1.0,1.0,1.0,0.0,2,4,133,1,Brunca,4,Brunca,5,bi-parental,1,12.362793590799999,0,2,1.3333333333333333,6.0
7849,0.0,2,3,3.0,0.0,0.0,0.0,0.0,0.0,0.0,1.0,0,1,1,1,2,3,1,3,4,4,4,30.0,16.807736314,7.0,3.93700393701,0.0,0.0,838,0,0,0.0,1.0,0.0,0.0,0.0,0.0,0.0,0.0,0.0,0.0,0.0,0.0,1.0,0.0,0.0,0.0,0.0,0.0,1.0,0.0,0.0,0.0,0.0,0.0,1.0,0.0,0.0,0.0,0.0,0.0,0.0,0.0,0.0,1.0,0.0,1.0,1.0,1.0,0.0,0.0,0.0,0.0,0.0,0.0,0.0,0.0,0.0,1.0,0.0,0.0,0.0,1.0,1.0,0.0,0.0,0.0,0.0,0.0,0.0,1.0,0.0,0.0,0.0,0.0,0.0,0.0,0.0,1.0,0.0,1.0,1.0,1.0,1.0,1.0,1.0,0.0,1.0,1.0,1.0,1.0,0.0,2,4,114,1,Brunca,4,Brunca,5,bi-parental,1,12.757333028900002,0,1,2.0,7.0
8207,0.0,3,5,3.0,1.0,1.0,0.0,0.0,1.0,1.0,2.0,0,1,1,1,1,2,1,2,3,3,3,31.3333333333,15.797327481400002,10.3333333333,5.249338582669999,0.0,0.0,873,0,0,0.0,1.0,0.0,0.0,0.0,0.0,0.0,0.0,0.0,0.0,1.0,0.0,0.0,0.0,0.0,0.0,0.0,0.0,1.0,0.0,0.0,0.0,0.0,1.0,1.0,0.0,0.0,0.0,0.0,0.0,1.0,0.0,1.0,0.0,1.0,1.0,1.0,1.0,0.0,0.0,0.0,0.0,0.0,0.0,0.0,0.0,0.0,1.0,0.0,0.0,0.0,1.0,1.0,0.0,0.0,0.0,0.0,0.0,0.0,1.0,0.0,0.0,0.0,0.0,0.0,0.0,0.0,0.0,0.0,1.0,0.0,1.0,1.0,0.0,0.0,0.0,0.0,1.0,1.0,1.0,0.0,2,4,134,1,Brunca,4,Brunca,5,bi-parental,1,13.3306275016,0,1,1.0,10.0
8086,0.0,2,4,3.0,0.0,0.0,0.0,0.0,0.0,1.0,0.0,0,2,2,1,1,2,1,3,4,4,4,20.0,12.9034879006,6.25,3.89711431703,0.25,0.433012701892,861,0,0,0.0,1.0,0.0,0.0,0.0,0.0,0.0,0.0,0.0,0.0,1.0,0.0,0.0,0.0,0.0,0.0,0.0,0.0,1.0,0.0,0.0,0.0,0.0,1.0,1.0,0.0,0.0,0.0,0.0,1.0,0.0,0.0,0.0,0.0,1.0,1.0,1.0,1.0,0.0,0.0,0.0,0.0,0.0,0.0,0.0,0.0,0.0,1.0,0.0,0.0,0.0,1.0,1.0,0.0,0.0,0.0,0.0,0.0,0.0,1.0,0.0,0.0,0.0,0.0,0.0,0.0,0.0,1.0,0.0,1.0,1.0,1.0,1.0,1.0,0.0,1.0,1.0,1.0,1.0,1.0,0.0,0,4,126,1,Brunca,4,Brunca,5,bi-parental,1,9.981651573510002,1,1,2.0,6.0
8160,0.0,2,4,2.0,0.0,0.0,0.0,0.0,1.0,1.0,0.0,1,1,2,0,3,3,1,4,5,5,5,30.4,18.3804243694,5.8,3.31058907145,0.0,0.0,868,0,0,0.0,1.0,0.0,0.0,0.0,0.0,0.0,0.0,0.0,0.0,0.0,1.0,0.0,0.0,0.0,0.0,0.0,0.0,1.0,0.0,0.0,0.0,0.0,0.0,0.0,1.0,0.0,0.0,0.0,0.0,0.0,0.0,0.0,0.0,0.0,1.0,1.0,1.0,0.0,0.0,0.0,0.0,0.0,0.0,0.0,0.0,1.0,0.0,0.0,0.0,0.0,1.0,1.0,0.0,0.0,0.0,0.0,0.0,0.0,1.0,0.0,0.0,0.0,0.0,0.0,0.0,0.0,1.0,0.0,1.0,1.0,1.0,1.0,0.0,0.0,1.0,1.0,1.0,1.0,1.0,0.0,1,4,134,1,Brunca,4,Brunca,5,bi-parental,1,11.534227187699999,1,1,2.5,5.0
8047,0.0,2,4,3.0,0.0,0.0,0.0,0.0,0.0,0.0,1.0,1,1,2,1,1,2,2,2,4,4,4,19.0,11.5542200083,5.5,4.1533119314599976,0.0,0.0,857,0,0,0.0,0.0,1.0,0.0,0.0,0.0,0.0,0.0,0.0,0.0,0.0,0.0,0.0,1.0,0.0,0.0,0.0,0.0,1.0,0.0,0.0,0.0,0.0,0.0,0.0,1.0,0.0,0.0,0.0,1.0,0.0,1.0,0.0,1.0,0.0,1.0,1.0,1.0,0.0,0.0,0.0,0.0,0.0,0.0,0.0,0.0,0.0,1.0,0.0,0.0,0.0,1.0,1.0,0.0,0.0,0.0,0.0,0.0,1.0,0.0,0.0,0.0,0.0,0.0,0.0,0.0,0.0,1.0,0.0,1.0,1.0,1.0,1.0,1.0,1.0,0.0,1.0,1.0,1.0,1.0,0.0,2,4,125,1,Brunca,4,Brunca,5,bi-parental,1,11.7014858531,0,2,2.0,5.0
7970,0.0,3,5,3.0,0.0,1.0,0.0,3.0,0.0,0.0,1.0,1,0,1,0,3,3,1,3,4,4,4,37.0,23.8012604708,6.25,4.02336923486,0.0,0.0,849,0,0,0.0,1.0,0.0,0.0,0.0,0.0,0.0,0.0,0.0,0.0,0.0,1.0,0.0,0.0,0.0,0.0,0.0,0.0,1.0,0.0,0.0,0.0,0.0,0.0,1.0,0.0,0.0,0.0,0.0,1.0,0.0,0.0,1.0,0.0,1.0,1.0,1.0,1.0,0.0,0.0,0.0,0.0,0.0,0.0,0.0,0.0,0.0,1.0,0.0,0.0,0.0,1.0,1.0,0.0,0.0,0.0,0.0,0.0,0.0,1.0,0.0,0.0,0.0,0.0,0.0,0.0,0.0,1.0,0.0,1.0,0.0,1.0,0.0,1.0,1.0,0.0,1.0,1.0,1.0,0.0,1.0,2,4,124,1,Brunca,4,Brunca,5,bi-parental,1,12.0560895194,0,1,1.3333333333333333,6.0
7940,0.0,3,5,3.0,1.0,1.0,1.0,2.0,1.0,3.0,1.0,0,1,1,1,1,2,1,2,3,3,3,18.0,10.8012344973,7.666666666669999,5.43650214343,0.0,0.0,847,0,0,0.0,0.0,1.0,0.0,0.0,0.0,0.0,0.0,0.0,0.0,1.0,0.0,0.0,0.0,0.0,0.0,0.0,0.0,1.0,0.0,0.0,0.0,0.0,1.0,1.0,0.0,0.0,0.0,0.0,0.0,1.0,0.0,1.0,0.0,1.0,1.0,1.0,1.0,0.0,0.0,0.0,0.0,0.0,0.0,0.0,0.0,0.0,1.0,0.0,0.0,0.0,1.0,1.0,0.0,0.0,0.0,0.0,0.0,0.0,1.0,0.0,0.0,0.0,0.0,0.0,0.0,0.0,0.0,0.0,1.0,0.0,0.0,0.0,0.0,0.0,0.0,0.0,1.0,1.0,0.0,1.0,2,4,124,1,Brunca,4,Brunca,4,monoparental,1,12.1037993349,0,1,1.0,7.0
7921,90000.0,2,4,3.0,0.0,1.0,0.0,1.0,1.0,2.0,1.0,0,1,1,1,1,2,1,2,3,3,3,26.0,12.0277457018,9.66666666667,5.7927157323300005,0.0,0.0,844,0,0,0.0,1.0,0.0,0.0,0.0,0.0,0.0,1.0,0.0,0.0,1.0,0.0,0.0,0.0,0.0,0.0,0.0,0.0,1.0,0.0,0.0,0.0,0.0,1.0,1.0,0.0,0.0,0.0,0.0,1.0,0.0,0.0,1.0,0.0,1.0,1.0,1.0,1.0,0.0,0.0,0.0,0.0,0.0,0.0,0.0,0.0,0.0,1.0,0.0,0.0,0.0,1.0,1.0,0.0,0.0,0.0,0.0,0.0,1.0,0.0,0.0,0.0,0.0,0.0,0.0,0.0,0.0,1.0,0.0,1.0,0.0,1.0,0.0,0.0,0.0,0.0,0.0,1.0,1.0,1.0,0.0,2,4,122,1,Brunca,4,Brunca,5,bi-parental,1,13.5698438796,0,1,1.5,9.0
8019,0.0,2,4,2.0,0.0,1.0,0.0,0.0,1.0,1.0,0.0,0,0,0,1,2,3,1,2,3,3,3,31.3333333333,19.6015872373,8.666666666669999,6.94422221867,0.0,0.0,854,0,0,0.0,1.0,0.0,0.0,0.0,0.0,0.0,0.0,0.0,0.0,0.0,0.0,0.0,1.0,0.0,0.0,0.0,0.0,1.0,0.0,0.0,0.0,0.0,1.0,1.0,0.0,0.0,0.0,0.0,0.0,1.0,0.0,1.0,0.0,1.0,1.0,1.0,1.0,0.0,0.0,0.0,0.0,0.0,0.0,0.0,0.0,0.0,1.0,0.0,0.0,0.0,1.0,1.0,0.0,0.0,0.0,0.0,0.0,1.0,0.0,0.0,0.0,0.0,0.0,0.0,0.0,0.0,1.0,0.0,1.0,0.0,1.0,1.0,0.0,0.0,1.0,0.0,1.0,0.0,0.0,0.0,2,4,137,1,Brunca,4,Brunca,5,bi-parental,1,13.2942796906,0,1,1.5,8.0
7969,300000.0,2,4,2.0,0.0,1.0,0.0,0.0,1.0,2.0,0.0,2,1,3,0,1,1,2,2,4,4,4,14.0,12.5099960032,5.75,5.7608593109,0.0,0.0,849,0,0,0.0,1.0,0.0,0.0,0.0,0.0,1.0,0.0,0.0,0.0,0.0,0.0,0.0,0.0,0.0,1.0,0.0,0.0,1.0,0.0,0.0,0.0,0.0,1.0,1.0,0.0,0.0,0.0,0.0,0.0,1.0,0.0,1.0,0.0,1.0,1.0,1.0,1.0,0.0,0.0,0.0,0.0,0.0,0.0,0.0,0.0,0.0,1.0,0.0,0.0,0.0,1.0,1.0,0.0,0.0,0.0,0.0,0.0,0.0,1.0,0.0,0.0,0.0,0.0,0.0,0.0,0.0,1.0,0.0,1.0,0.0,1.0,1.0,0.0,0.0,1.0,1.0,1.0,1.0,1.0,0.0,2,4,124,1,Brunca,4,Brunca,5,bi-parental,1,12.4407857968,0,2,2.0,5.0
8154,0.0,2,4,2.0,0.0,0.0,0.0,0.0,1.0,1.0,0.0,1,1,2,0,2,2,1,3,4,4,4,24.5,14.0267601391,3.75,3.89711431703,0.0,0.0,868,0,0,0.0,1.0,0.0,0.0,0.0,0.0,0.0,0.0,0.0,1.0,0.0,1.0,0.0,0.0,0.0,0.0,0.0,0.0,1.0,0.0,0.0,0.0,0.0,0.0,0.0,1.0,0.0,0.0,0.0,0.0,0.0,0.0,0.0,0.0,0.0,1.0,1.0,1.0,0.0,0.0,0.0,0.0,0.0,0.0,0.0,0.0,1.0,0.0,0.0,0.0,0.0,1.0,1.0,0.0,0.0,0.0,0.0,0.0,0.0,1.0,0.0,0.0,0.0,0.0,0.0,0.0,0.0,1.0,0.0,1.0,1.0,1.0,1.0,0.0,0.0,1.0,1.0,1.0,1.0,1.0,0.0,2,4,134,1,Brunca,4,Brunca,5,bi-parental,1,11.721809159400001,0,1,2.0,3.0
7976,0.0,2,4,2.0,0.0,0.0,1.0,0.0,0.0,2.0,0.0,0,1,1,1,1,2,1,2,3,3,3,35.0,21.2759645296,6.333333333330001,4.71404520791,0.0,0.0,850,0,0,0.0,1.0,0.0,0.0,0.0,0.0,0.0,0.0,0.0,0.0,1.0,0.0,0.0,0.0,0.0,0.0,0.0,0.0,1.0,0.0,0.0,0.0,0.0,0.0,1.0,0.0,0.0,0.0,0.0,0.0,1.0,0.0,1.0,0.0,1.0,1.0,1.0,1.0,0.0,0.0,0.0,0.0,0.0,0.0,0.0,0.0,0.0,1.0,0.0,0.0,0.0,1.0,1.0,0.0,0.0,0.0,0.0,0.0,1.0,0.0,0.0,0.0,1.0,0.0,0.0,0.0,0.0,1.0,0.0,1.0,1.0,0.0,1.0,1.0,0.0,1.0,1.0,0.0,1.0,0.0,1.0,2,4,126,1,Brunca,4,Brunca,4,monoparental,1,12.4022795522,0,1,1.5,6.0
7942,0.0,4,6,3.0,0.0,0.0,0.0,0.0,0.0,0.0,1.0,1,1,2,0,2,2,1,3,4,4,4,17.5,9.06917857361,8.25,4.8153400710600005,0.0,0.0,847,0,0,0.0,0.0,1.0,0.0,0.0,0.0,0.0,0.0,0.0,0.0,1.0,0.0,0.0,0.0,0.0,0.0,0.0,0.0,1.0,0.0,0.0,0.0,0.0,1.0,1.0,0.0,0.0,0.0,0.0,0.0,1.0,0.0,1.0,0.0,1.0,1.0,1.0,1.0,0.0,0.0,0.0,0.0,0.0,0.0,0.0,0.0,0.0,1.0,0.0,0.0,0.0,1.0,1.0,0.0,0.0,0.0,0.0,0.0,0.0,1.0,0.0,0.0,0.0,0.0,0.0,0.0,0.0,1.0,0.0,1.0,1.0,1.0,1.0,1.0,1.0,0.0,1.0,1.0,1.0,1.0,0.0,2,4,124,1,Brunca,4,Brunca,5,bi-parental,1,11.73574363,0,1,1.0,8.0
7916,0.0,2,4,5.0,0.0,0.0,0.0,0.0,1.0,1.0,1.0,2,1,3,1,1,2,3,2,5,5,5,19.8,14.524462124300001,5.0,4.19523539268,0.0,0.0,844,0,0,0.0,1.0,0.0,0.0,0.0,0.0,0.0,0.0,0.0,0.0,1.0,0.0,0.0,0.0,0.0,0.0,0.0,0.0,1.0,0.0,0.0,0.0,0.0,1.0,1.0,0.0,0.0,0.0,0.0,0.0,1.0,0.0,1.0,0.0,1.0,1.0,1.0,1.0,0.0,0.0,0.0,0.0,0.0,0.0,0.0,0.0,0.0,1.0,0.0,0.0,0.0,1.0,1.0,0.0,0.0,0.0,0.0,0.0,0.0,1.0,0.0,0.0,1.0,0.0,0.0,0.0,0.0,1.0,0.0,1.0,1.0,1.0,1.0,0.0,0.0,0.0,0.0,1.0,1.0,1.0,0.0,2,4,122,1,Brunca,4,Brunca,5,bi-parental,1,11.691916481700002,0,3,2.5,5.0
8045,0.0,4,7,1.0,0.0,0.0,0.0,0.0,1.0,1.0,0.0,2,3,5,3,2,5,5,5,10,10,10,14.8,13.0215206485,3.6,3.1048349392500003,0.2,0.4,856,0,0,0.0,0.0,1.0,0.0,0.0,0.0,0.0,0.0,0.0,0.0,1.0,0.0,0.0,0.0,0.0,0.0,0.0,0.0,1.0,0.0,0.0,0.0,0.0,1.0,1.0,0.0,0.0,0.0,0.0,1.0,0.0,1.0,0.0,1.0,0.0,1.0,1.0,1.0,0.0,0.0,0.0,0.0,0.0,0.0,0.0,0.0,0.0,1.0,0.0,0.0,0.0,1.0,1.0,0.0,0.0,0.0,0.0,0.0,0.0,1.0,0.0,0.0,0.0,0.0,0.0,0.0,0.0,1.0,0.0,1.0,1.0,1.0,1.0,0.0,0.0,1.0,0.0,1.0,1.0,1.0,0.0,2,4,116,1,Brunca,4,Brunca,5,bi-parental,1,11.612315885,0,5,2.5,3.0
8003,0.0,1,6,2.0,0.0,0.0,0.0,0.0,1.0,1.0,0.0,1,1,2,0,1,1,1,2,3,3,3,39.6666666667,23.809428571199998,4.0,2.82842712475,0.0,0.0,852,0,0,0.0,1.0,0.0,0.0,0.0,0.0,0.0,0.0,0.0,0.0,1.0,0.0,0.0,0.0,0.0,0.0,0.0,0.0,1.0,0.0,0.0,0.0,0.0,1.0,1.0,0.0,0.0,0.0,0.0,0.0,1.0,0.0,1.0,0.0,1.0,1.0,1.0,1.0,0.0,0.0,0.0,0.0,0.0,0.0,0.0,0.0,0.0,1.0,0.0,0.0,0.0,1.0,1.0,0.0,0.0,0.0,0.0,0.0,0.0,1.0,0.0,0.0,1.0,0.0,0.0,0.0,0.0,1.0,0.0,1.0,1.0,1.0,1.0,0.0,0.0,1.0,0.0,1.0,0.0,0.0,0.0,2,4,123,1,Brunca,4,Brunca,5,bi-parental,1,12.155980384000001,0,1,3.0,4.0
8039,0.0,2,4,2.0,0.0,0.0,0.0,0.0,0.0,1.0,0.0,3,1,4,0,1,1,3,2,5,5,5,14.6,12.4675579004,4.2,4.4,0.0,0.0,856,0,0,0.0,1.0,0.0,0.0,0.0,0.0,0.0,0.0,0.0,0.0,0.0,0.0,1.0,0.0,0.0,0.0,0.0,0.0,1.0,0.0,0.0,0.0,0.0,0.0,0.0,1.0,0.0,0.0,0.0,0.0,1.0,0.0,1.0,0.0,1.0,1.0,1.0,1.0,0.0,0.0,0.0,0.0,0.0,0.0,0.0,0.0,0.0,1.0,0.0,0.0,0.0,1.0,1.0,0.0,0.0,0.0,0.0,0.0,1.0,0.0,0.0,0.0,0.0,0.0,0.0,0.0,0.0,1.0,0.0,1.0,1.0,1.0,1.0,1.0,0.0,1.0,0.0,1.0,1.0,1.0,0.0,1,4,116,1,Brunca,4,Brunca,5,bi-parental,1,11.552155793499999,1,3,2.5,4.0
8138,0.0,2,3,2.0,0.0,0.0,0.0,0.0,0.0,0.0,1.0,1,1,2,1,4,5,2,5,7,7,7,21.714285714299997,15.7635591133,5.0,1.4142135623700005,0.28571428571400004,0.451753951453,866,0,0,0.0,1.0,0.0,0.0,0.0,0.0,0.0,0.0,0.0,1.0,0.0,0.0,0.0,1.0,0.0,0.0,0.0,0.0,1.0,0.0,0.0,0.0,0.0,0.0,0.0,1.0,0.0,0.0,0.0,1.0,0.0,1.0,0.0,1.0,0.0,0.0,0.0,1.0,0.0,0.0,1.0,0.0,0.0,0.0,0.0,0.0,0.0,1.0,0.0,0.0,0.0,1.0,1.0,0.0,0.0,0.0,0.0,0.0,0.0,1.0,0.0,0.0,0.0,0.0,0.0,0.0,0.0,1.0,0.0,1.0,1.0,1.0,1.0,1.0,1.0,0.0,1.0,1.0,1.0,1.0,0.0,1,4,152,1,Brunca,4,Brunca,5,bi-parental,1,11.0843532902,1,2,3.5,5.0
8070,0.0,2,4,1.0,0.0,1.0,0.0,0.0,0.0,3.0,0.0,1,0,1,0,1,1,1,1,2,2,2,26.0,20.0,3.0,3.0,0.0,0.0,859,0,0,0.0,0.0,1.0,0.0,0.0,0.0,0.0,0.0,0.0,1.0,0.0,1.0,0.0,0.0,0.0,0.0,0.0,0.0,1.0,0.0,0.0,0.0,0.0,1.0,1.0,0.0,0.0,0.0,0.0,0.0,1.0,1.0,0.0,0.0,1.0,1.0,1.0,1.0,0.0,0.0,0.0,0.0,0.0,0.0,0.0,0.0,0.0,1.0,0.0,0.0,0.0,1.0,1.0,0.0,0.0,0.0,0.0,0.0,0.0,1.0,0.0,0.0,0.0,0.0,0.0,0.0,0.0,1.0,0.0,1.0,0.0,1.0,1.0,1.0,0.0,1.0,1.0,1.0,1.0,0.0,1.0,2,4,126,1,Brunca,4,Brunca,4,monoparental,1,11.848032484400001,0,1,1.0,3.0
8088,0.0,4,7,3.0,1.0,1.0,0.0,1.0,0.0,2.0,1.0,1,1,2,0,1,1,1,2,3,3,3,34.6666666667,20.8539897595,5.33333333333,2.05480466766,0.0,0.0,861,0,0,0.0,0.0,1.0,0.0,0.0,0.0,0.0,0.0,0.0,0.0,1.0,0.0,0.0,0.0,0.0,0.0,0.0,0.0,1.0,0.0,0.0,0.0,0.0,1.0,1.0,0.0,0.0,0.0,0.0,0.0,1.0,0.0,1.0,0.0,1.0,1.0,1.0,1.0,0.0,0.0,0.0,0.0,0.0,0.0,0.0,0.0,0.0,1.0,0.0,0.0,0.0,1.0,1.0,0.0,0.0,0.0,0.0,0.0,0.0,1.0,0.0,0.0,0.0,0.0,0.0,0.0,0.0,0.0,0.0,1.0,0.0,1.0,0.0,1.0,0.0,0.0,0.0,1.0,1.0,0.0,1.0,2,4,126,1,Brunca,4,Brunca,4,monoparental,1,12.699378693900002,0,1,0.75,5.0
7854,60000.0,2,3,2.0,0.0,0.0,0.0,0.0,0.0,1.0,0.0,1,1,2,0,1,1,1,2,3,3,3,24.0,14.854853303399999,5.666666666669999,4.4969125210800005,0.0,0.0,838,0,0,0.0,1.0,0.0,0.0,0.0,0.0,1.0,0.0,0.0,0.0,1.0,0.0,0.0,0.0,0.0,0.0,0.0,0.0,1.0,0.0,0.0,0.0,0.0,1.0,1.0,0.0,0.0,0.0,0.0,0.0,1.0,0.0,1.0,0.0,1.0,1.0,1.0,1.0,0.0,0.0,0.0,0.0,0.0,0.0,0.0,0.0,0.0,1.0,0.0,0.0,0.0,1.0,1.0,0.0,0.0,0.0,0.0,0.0,0.0,1.0,0.0,0.0,0.0,0.0,0.0,0.0,0.0,1.0,0.0,1.0,1.0,1.0,1.0,1.0,0.0,1.0,1.0,0.0,1.0,1.0,0.0,2,4,114,1,Brunca,4,Brunca,5,bi-parental,1,11.751050454200001,0,1,1.5,5.0
7998,200000.0,3,5,2.0,0.0,0.0,0.0,0.0,1.0,2.0,0.0,0,2,2,1,1,2,1,3,4,4,4,22.5,12.2576506721,8.5,5.59016994375,0.0,0.0,852,0,0,0.0,1.0,0.0,0.0,0.0,0.0,1.0,0.0,0.0,0.0,1.0,0.0,0.0,0.0,0.0,0.0,0.0,0.0,1.0,0.0,0.0,0.0,0.0,1.0,1.0,0.0,0.0,0.0,0.0,0.0,1.0,0.0,1.0,0.0,1.0,1.0,1.0,1.0,0.0,0.0,0.0,0.0,0.0,0.0,0.0,0.0,0.0,1.0,0.0,0.0,0.0,1.0,1.0,0.0,0.0,0.0,0.0,0.0,0.0,1.0,0.0,0.0,0.0,0.0,0.0,0.0,0.0,1.0,0.0,1.0,1.0,1.0,1.0,0.0,0.0,1.0,1.0,1.0,1.0,1.0,0.0,2,4,123,1,Brunca,4,Brunca,5,bi-parental,1,12.7307400286,0,1,1.3333333333333333,8.0
8018,100000.0,4,6,3.0,0.0,1.0,0.0,0.0,1.0,2.0,0.0,0,1,1,1,2,3,1,3,4,4,4,26.0,9.924716620639998,8.0,4.30116263352,0.0,0.0,854,0,0,0.0,1.0,0.0,0.0,0.0,0.0,0.0,1.0,0.0,0.0,0.0,1.0,0.0,0.0,0.0,0.0,0.0,0.0,1.0,0.0,0.0,0.0,0.0,1.0,1.0,0.0,0.0,0.0,0.0,1.0,0.0,1.0,0.0,1.0,0.0,1.0,1.0,1.0,0.0,0.0,0.0,0.0,0.0,0.0,0.0,0.0,0.0,1.0,0.0,0.0,0.0,1.0,1.0,0.0,0.0,0.0,0.0,0.0,0.0,1.0,0.0,0.0,0.0,0.0,0.0,0.0,0.0,1.0,0.0,1.0,0.0,1.0,1.0,0.0,0.0,1.0,1.0,0.0,1.0,1.0,0.0,2,4,137,1,Brunca,4,Brunca,5,bi-parental,1,12.5823294849,0,1,1.0,8.0
8080,0.0,2,4,2.0,0.0,0.0,0.0,0.0,1.0,1.0,0.0,1,1,2,0,1,1,1,2,3,3,3,26.0,13.4907375632,5.666666666669999,4.0276819912,0.0,0.0,860,0,0,0.0,1.0,0.0,0.0,0.0,0.0,0.0,0.0,0.0,0.0,1.0,0.0,0.0,0.0,0.0,0.0,0.0,0.0,1.0,0.0,0.0,0.0,0.0,1.0,1.0,0.0,0.0,0.0,0.0,0.0,1.0,0.0,1.0,0.0,1.0,1.0,1.0,1.0,0.0,0.0,0.0,0.0,0.0,0.0,0.0,0.0,0.0,1.0,0.0,0.0,0.0,1.0,1.0,0.0,0.0,0.0,0.0,0.0,0.0,1.0,0.0,0.0,0.0,0.0,0.0,0.0,0.0,1.0,0.0,1.0,1.0,1.0,1.0,0.0,0.0,1.0,1.0,1.0,1.0,1.0,0.0,2,4,129,1,Brunca,4,Brunca,5,bi-parental,1,12.1881683153,0,1,1.5,5.0
7980,25000.0,1,2,1.0,0.0,0.0,0.0,0.0,0.0,0.0,1.0,1,1,2,2,1,3,3,2,5,5,5,15.2,12.6396202475,0.8,0.7483314773549999,0.0,0.0,850,0,0,0.0,1.0,0.0,0.0,0.0,0.0,0.0,1.0,0.0,0.0,0.0,0.0,0.0,1.0,0.0,0.0,0.0,0.0,1.0,0.0,0.0,0.0,0.0,0.0,0.0,1.0,0.0,0.0,0.0,0.0,0.0,0.0,0.0,0.0,0.0,0.0,0.0,1.0,0.0,0.0,0.0,0.0,0.0,0.0,0.0,0.0,0.0,0.0,0.0,1.0,0.0,1.0,0.0,1.0,0.0,0.0,0.0,0.0,0.0,1.0,0.0,0.0,1.0,0.0,0.0,0.0,0.0,1.0,0.0,1.0,1.0,1.0,1.0,1.0,1.0,0.0,1.0,0.0,0.0,0.0,0.0,1,4,126,1,Brunca,4,Brunca,5,bi-parental,1,11.2919400831,1,3,5.0,0.0
8140,0.0,3,4,3.0,0.0,0.0,0.0,0.0,0.0,1.0,0.0,1,1,2,1,2,3,2,3,5,5,5,35.6,26.8372874933,4.2,3.81575680567,0.0,0.0,866,0,0,0.0,1.0,0.0,0.0,0.0,0.0,0.0,0.0,0.0,0.0,0.0,1.0,0.0,0.0,0.0,0.0,0.0,0.0,1.0,0.0,0.0,0.0,0.0,0.0,1.0,0.0,0.0,0.0,0.0,0.0,0.0,0.0,1.0,1.0,0.0,1.0,1.0,1.0,0.0,0.0,1.0,0.0,0.0,0.0,0.0,0.0,0.0,1.0,0.0,0.0,0.0,1.0,1.0,0.0,0.0,0.0,0.0,0.0,1.0,0.0,0.0,0.0,0.0,0.0,0.0,0.0,0.0,1.0,0.0,1.0,1.0,1.0,1.0,1.0,0.0,1.0,1.0,0.0,1.0,1.0,0.0,1,4,152,1,Brunca,4,Brunca,4,monoparental,1,10.9490681947,1,2,1.6666666666666667,4.0
8050,45000.0,2,3,2.0,0.0,1.0,0.0,0.0,0.0,1.0,0.0,1,1,2,0,1,1,1,2,3,3,3,29.0,17.281975195799998,5.666666666669999,4.4969125210800005,0.0,0.0,857,0,0,0.0,1.0,0.0,0.0,0.0,0.0,0.0,1.0,0.0,0.0,0.0,1.0,0.0,0.0,0.0,0.0,0.0,0.0,1.0,0.0,0.0,0.0,0.0,0.0,0.0,1.0,0.0,0.0,0.0,1.0,0.0,1.0,0.0,0.0,0.0,1.0,1.0,1.0,0.0,0.0,0.0,0.0,0.0,0.0,0.0,0.0,0.0,1.0,0.0,0.0,0.0,1.0,1.0,0.0,0.0,0.0,0.0,0.0,0.0,1.0,0.0,0.0,0.0,0.0,0.0,0.0,0.0,1.0,0.0,1.0,0.0,1.0,1.0,1.0,0.0,1.0,1.0,1.0,1.0,1.0,0.0,2,4,125,1,Brunca,4,Brunca,5,bi-parental,1,12.3354938669,0,1,1.5,5.0
7949,86000.0,3,5,4.0,1.0,2.0,0.0,1.0,1.0,2.0,0.0,0,3,3,1,1,2,1,4,5,5,5,25.4,17.522556891,8.0,4.93963561409,0.0,0.0,848,0,0,0.0,0.0,1.0,0.0,0.0,0.0,1.0,0.0,0.0,0.0,0.0,0.0,0.0,1.0,0.0,0.0,0.0,0.0,1.0,0.0,0.0,0.0,0.0,1.0,1.0,0.0,0.0,0.0,0.0,0.0,1.0,0.0,1.0,0.0,1.0,1.0,1.0,1.0,0.0,0.0,0.0,0.0,0.0,0.0,0.0,0.0,0.0,1.0,0.0,0.0,0.0,1.0,1.0,0.0,0.0,0.0,0.0,0.0,0.0,1.0,0.0,0.0,0.0,0.0,0.0,0.0,0.0,0.0,0.0,1.0,0.0,1.0,0.0,0.0,0.0,1.0,1.0,1.0,1.0,0.0,1.0,2,4,112,1,Brunca,4,Brunca,5,bi-parental,1,12.752580614400001,0,1,1.6666666666666667,8.0
7992,0.0,3,5,2.0,0.0,0.0,0.0,0.0,1.0,2.0,1.0,1,1,2,0,1,1,1,2,3,3,3,16.6666666667,9.877021593350001,5.666666666669999,4.0276819912,0.0,0.0,851,0,0,0.0,0.0,1.0,0.0,0.0,0.0,0.0,0.0,0.0,0.0,1.0,0.0,0.0,0.0,0.0,0.0,0.0,0.0,1.0,0.0,0.0,0.0,0.0,1.0,1.0,0.0,0.0,0.0,0.0,1.0,0.0,0.0,0.0,0.0,1.0,1.0,1.0,1.0,0.0,0.0,0.0,0.0,0.0,0.0,0.0,0.0,1.0,0.0,0.0,0.0,0.0,1.0,1.0,0.0,0.0,0.0,0.0,0.0,0.0,1.0,0.0,0.0,0.0,0.0,0.0,0.0,0.0,1.0,0.0,1.0,1.0,1.0,1.0,0.0,0.0,0.0,0.0,1.0,1.0,0.0,1.0,2,4,124,1,Brunca,4,Brunca,5,bi-parental,1,12.9574910927,0,1,1.0,5.0
8000,0.0,5,7,6.0,0.0,2.0,0.0,1.0,1.0,2.0,1.0,1,3,4,0,3,3,1,6,7,7,7,34.1428571429,18.3881061825,9.14285714286,4.969293465980001,0.0,0.0,852,0,0,0.0,1.0,0.0,0.0,0.0,0.0,0.0,0.0,0.0,0.0,0.0,0.0,0.0,1.0,0.0,0.0,0.0,0.0,1.0,0.0,0.0,0.0,0.0,1.0,1.0,0.0,0.0,0.0,0.0,0.0,1.0,0.0,1.0,0.0,1.0,1.0,1.0,1.0,0.0,0.0,0.0,0.0,0.0,0.0,0.0,0.0,0.0,1.0,0.0,0.0,0.0,1.0,1.0,0.0,0.0,0.0,0.0,0.0,0.0,1.0,0.0,1.0,0.0,0.0,0.0,0.0,0.0,1.0,0.0,1.0,0.0,1.0,0.0,0.0,0.0,0.0,1.0,1.0,1.0,1.0,0.0,2,4,123,1,Brunca,4,Brunca,5,bi-parental,1,11.9630351949,0,1,1.4,9.0
8168,0.0,2,4,1.0,0.0,0.0,0.0,0.0,0.0,0.0,1.0,1,0,1,1,1,2,2,1,3,3,3,18.3333333333,15.3695225112,2.33333333333,2.05480466766,0.0,0.0,869,0,0,0.0,0.0,1.0,0.0,0.0,0.0,0.0,0.0,0.0,0.0,1.0,0.0,0.0,0.0,0.0,0.0,0.0,0.0,1.0,0.0,0.0,0.0,0.0,0.0,1.0,0.0,0.0,0.0,0.0,1.0,0.0,0.0,1.0,0.0,1.0,1.0,1.0,1.0,0.0,0.0,0.0,0.0,0.0,0.0,0.0,0.0,0.0,1.0,0.0,0.0,0.0,1.0,1.0,0.0,0.0,0.0,0.0,0.0,1.0,0.0,0.0,0.0,0.0,0.0,0.0,0.0,0.0,1.0,0.0,1.0,1.0,1.0,1.0,1.0,1.0,0.0,1.0,1.0,1.0,1.0,0.0,1,4,160,1,Brunca,4,Brunca,4,monoparental,1,11.2550308633,1,2,1.5,2.0
8110,0.0,3,5,1.0,0.0,0.0,0.0,0.0,0.0,0.0,1.0,1,1,2,0,1,1,1,2,3,3,3,40.6666666667,24.729649321300002,5.666666666669999,4.4969125210800005,0.0,0.0,863,0,0,0.0,1.0,0.0,0.0,0.0,0.0,0.0,0.0,0.0,0.0,0.0,1.0,0.0,0.0,0.0,0.0,0.0,0.0,1.0,0.0,0.0,0.0,0.0,0.0,0.0,1.0,0.0,0.0,0.0,1.0,0.0,1.0,0.0,1.0,0.0,1.0,1.0,1.0,0.0,0.0,0.0,0.0,0.0,0.0,0.0,0.0,0.0,1.0,0.0,0.0,0.0,1.0,1.0,0.0,0.0,0.0,0.0,0.0,0.0,1.0,0.0,0.0,0.0,0.0,0.0,0.0,0.0,1.0,0.0,1.0,1.0,1.0,1.0,1.0,1.0,0.0,0.0,1.0,0.0,0.0,0.0,0,4,135,1,Brunca,4,Brunca,4,monoparental,1,10.414343175900001,1,1,1.0,5.0
7984,0.0,3,5,3.0,0.0,0.0,0.0,0.0,1.0,0.0,2.0,1,2,3,0,2,2,1,4,5,5,5,25.6,17.8056170912,5.6,2.93938769134,0.0,0.0,851,0,0,0.0,1.0,0.0,0.0,0.0,0.0,0.0,0.0,0.0,0.0,1.0,0.0,0.0,0.0,0.0,0.0,0.0,0.0,1.0,0.0,0.0,0.0,0.0,1.0,1.0,0.0,0.0,0.0,0.0,0.0,1.0,0.0,1.0,0.0,1.0,1.0,1.0,1.0,0.0,0.0,0.0,0.0,0.0,0.0,0.0,0.0,0.0,1.0,0.0,0.0,0.0,1.0,1.0,0.0,0.0,0.0,0.0,0.0,0.0,1.0,0.0,0.0,0.0,0.0,0.0,0.0,0.0,1.0,0.0,1.0,1.0,1.0,1.0,0.0,1.0,0.0,1.0,1.0,1.0,1.0,0.0,1,4,124,1,Brunca,4,Brunca,5,bi-parental,1,10.968215530799998,1,1,1.6666666666666667,5.0
7909,115000.0,2,4,3.0,0.0,1.0,0.0,0.0,1.0,1.0,0.0,1,2,3,0,1,1,1,3,4,4,4,20.25,11.4755174175,8.25,4.96865172859,0.0,0.0,843,0,0,0.0,1.0,0.0,0.0,0.0,0.0,0.0,1.0,0.0,0.0,1.0,0.0,0.0,0.0,0.0,0.0,0.0,0.0,1.0,0.0,0.0,0.0,0.0,1.0,1.0,0.0,0.0,0.0,0.0,0.0,1.0,1.0,0.0,0.0,1.0,1.0,1.0,1.0,0.0,0.0,0.0,0.0,0.0,0.0,0.0,0.0,0.0,1.0,0.0,0.0,0.0,1.0,1.0,0.0,0.0,0.0,0.0,0.0,1.0,0.0,0.0,0.0,0.0,0.0,0.0,0.0,0.0,1.0,0.0,1.0,0.0,1.0,1.0,0.0,0.0,1.0,1.0,1.0,1.0,0.0,1.0,2,4,126,1,Brunca,4,Brunca,5,bi-parental,1,12.625159006199999,0,1,2.0,8.0
7846,400000.0,3,7,2.0,1.0,1.0,0.0,1.0,2.0,3.0,0.0,1,1,2,0,1,1,1,2,3,3,3,27.3333333333,14.522013940499999,10.0,6.48074069841,0.0,0.0,837,0,0,0.0,0.0,1.0,0.0,0.0,0.0,1.0,0.0,0.0,0.0,1.0,0.0,0.0,0.0,0.0,0.0,0.0,0.0,1.0,0.0,0.0,0.0,0.0,1.0,1.0,0.0,0.0,0.0,0.0,0.0,1.0,0.0,1.0,0.0,1.0,1.0,1.0,1.0,0.0,0.0,0.0,0.0,0.0,0.0,0.0,0.0,0.0,1.0,0.0,0.0,0.0,1.0,1.0,0.0,0.0,0.0,0.0,0.0,0.0,1.0,0.0,0.0,0.0,0.0,0.0,0.0,0.0,0.0,0.0,0.0,0.0,1.0,0.0,0.0,0.0,1.0,1.0,1.0,1.0,0.0,1.0,2,4,116,1,Brunca,4,Brunca,5,bi-parental,1,13.4711799025,0,1,1.0,10.0
8051,50000.0,1,3,2.0,0.0,0.0,0.0,0.0,0.0,1.0,0.0,1,1,2,0,1,1,1,2,3,3,3,23.0,14.1656862406,3.66666666667,2.62466929134,0.0,0.0,857,0,0,0.0,0.0,1.0,0.0,0.0,0.0,0.0,1.0,0.0,0.0,1.0,0.0,0.0,0.0,0.0,0.0,0.0,0.0,1.0,0.0,0.0,0.0,0.0,1.0,1.0,0.0,0.0,0.0,0.0,0.0,1.0,1.0,0.0,0.0,1.0,1.0,1.0,1.0,0.0,0.0,0.0,0.0,0.0,0.0,0.0,0.0,0.0,1.0,0.0,0.0,0.0,1.0,1.0,0.0,0.0,0.0,0.0,0.0,0.0,1.0,0.0,0.0,0.0,0.0,0.0,0.0,0.0,1.0,0.0,1.0,1.0,1.0,1.0,1.0,0.0,1.0,1.0,0.0,1.0,1.0,0.0,2,4,125,1,Brunca,4,Brunca,5,bi-parental,1,12.0488846968,0,1,3.0,3.0
8035,0.0,2,4,4.0,0.0,0.0,0.0,0.0,0.0,1.0,0.0,1,2,3,1,2,3,2,4,6,6,6,22.8333333333,15.528647361900001,4.5,3.5,0.0,0.0,856,0,0,0.0,1.0,0.0,0.0,0.0,0.0,0.0,0.0,0.0,0.0,0.0,0.0,0.0,1.0,0.0,0.0,0.0,0.0,1.0,0.0,0.0,0.0,0.0,0.0,1.0,0.0,0.0,0.0,0.0,0.0,1.0,0.0,1.0,0.0,1.0,1.0,1.0,1.0,0.0,0.0,0.0,0.0,0.0,0.0,0.0,0.0,0.0,1.0,0.0,0.0,0.0,1.0,1.0,0.0,0.0,0.0,0.0,0.0,0.0,1.0,0.0,0.0,0.0,0.0,0.0,0.0,0.0,1.0,0.0,1.0,1.0,1.0,1.0,1.0,0.0,1.0,0.0,1.0,1.0,1.0,0.0,1,4,116,1,Brunca,4,Brunca,5,bi-parental,1,11.4698094175,1,2,3.0,4.0
8049,80000.0,2,3,2.0,0.0,1.0,0.0,0.0,0.0,1.0,0.0,1,2,3,0,1,1,1,3,4,4,4,20.25,11.519006033499998,7.75,4.54835134967,0.0,0.0,857,0,0,0.0,1.0,0.0,0.0,0.0,0.0,0.0,1.0,0.0,0.0,1.0,0.0,0.0,0.0,0.0,0.0,0.0,0.0,1.0,0.0,0.0,0.0,0.0,0.0,0.0,1.0,0.0,0.0,0.0,0.0,1.0,1.0,0.0,0.0,1.0,1.0,1.0,1.0,0.0,0.0,0.0,0.0,0.0,0.0,0.0,0.0,0.0,1.0,0.0,0.0,0.0,1.0,1.0,0.0,0.0,0.0,0.0,0.0,0.0,1.0,0.0,0.0,0.0,0.0,0.0,0.0,0.0,1.0,0.0,1.0,0.0,1.0,1.0,1.0,0.0,1.0,0.0,1.0,1.0,1.0,0.0,2,4,125,1,Brunca,4,Brunca,5,bi-parental,1,11.9263633723,0,1,2.0,7.0
7860,0.0,4,6,4.0,0.0,2.0,1.0,2.0,3.0,3.0,2.0,1,1,2,0,3,3,1,4,5,5,5,34.2,17.1277552528,11.0,5.366563146,0.0,0.0,839,0,0,0.0,1.0,0.0,0.0,0.0,0.0,0.0,0.0,0.0,0.0,0.0,0.0,1.0,0.0,0.0,0.0,0.0,0.0,1.0,0.0,0.0,0.0,0.0,1.0,1.0,0.0,0.0,0.0,0.0,0.0,1.0,0.0,1.0,0.0,1.0,1.0,1.0,1.0,0.0,0.0,0.0,0.0,0.0,0.0,0.0,0.0,0.0,1.0,0.0,0.0,0.0,1.0,1.0,0.0,0.0,0.0,0.0,0.0,0.0,1.0,0.0,0.0,0.0,0.0,0.0,0.0,0.0,1.0,0.0,0.0,0.0,0.0,0.0,0.0,0.0,0.0,0.0,1.0,1.0,0.0,1.0,2,4,122,1,Brunca,4,Brunca,5,bi-parental,1,13.715372603199999,0,1,1.25,11.0
8143,50000.0,2,4,3.0,0.0,0.0,0.0,0.0,0.0,1.0,0.0,1,1,2,0,1,1,1,2,3,3,3,25.3333333333,11.3235251676,4.66666666667,3.09120616517,0.0,0.0,867,0,0,0.0,1.0,0.0,0.0,0.0,0.0,0.0,1.0,0.0,0.0,0.0,0.0,1.0,0.0,0.0,0.0,0.0,0.0,1.0,0.0,0.0,0.0,0.0,0.0,1.0,0.0,0.0,0.0,0.0,1.0,0.0,1.0,0.0,1.0,0.0,1.0,1.0,1.0,0.0,0.0,0.0,0.0,0.0,0.0,0.0,0.0,0.0,1.0,0.0,0.0,0.0,1.0,1.0,0.0,0.0,0.0,0.0,0.0,0.0,1.0,0.0,0.0,0.0,0.0,0.0,0.0,0.0,1.0,0.0,1.0,1.0,1.0,1.0,1.0,0.0,1.0,1.0,0.0,1.0,1.0,0.0,1,4,124,1,Brunca,4,Brunca,5,bi-parental,1,11.414956085999998,1,1,1.5,4.0
8064,70000.0,2,4,2.0,0.0,0.0,0.0,0.0,0.0,1.0,0.0,0,1,1,1,1,2,1,2,3,3,3,14.333333333299999,10.2089285541,6.666666666669999,4.7842333648,0.0,0.0,858,0,0,0.0,1.0,0.0,0.0,0.0,0.0,0.0,1.0,0.0,0.0,1.0,0.0,0.0,0.0,0.0,0.0,0.0,0.0,1.0,0.0,0.0,0.0,0.0,0.0,0.0,1.0,0.0,0.0,0.0,0.0,1.0,0.0,1.0,1.0,0.0,1.0,1.0,1.0,0.0,0.0,0.0,0.0,0.0,0.0,0.0,0.0,0.0,1.0,0.0,0.0,0.0,1.0,1.0,0.0,0.0,0.0,0.0,0.0,1.0,0.0,0.0,0.0,0.0,0.0,0.0,0.0,0.0,1.0,0.0,1.0,1.0,1.0,1.0,1.0,0.0,1.0,0.0,1.0,0.0,0.0,0.0,0,4,124,1,Brunca,4,Brunca,5,bi-parental,1,0.0,1,1,1.5,6.0
7986,0.0,2,4,3.0,0.0,0.0,0.0,0.0,0.0,0.0,2.0,1,1,2,0,1,1,1,2,3,3,3,34.0,17.682382946500002,5.0,2.16024689947,0.0,0.0,851,0,0,0.0,1.0,0.0,0.0,0.0,0.0,0.0,0.0,0.0,0.0,1.0,0.0,0.0,0.0,0.0,0.0,0.0,0.0,1.0,0.0,0.0,0.0,0.0,1.0,0.0,1.0,0.0,0.0,0.0,0.0,1.0,0.0,1.0,0.0,1.0,1.0,1.0,1.0,0.0,0.0,0.0,0.0,0.0,0.0,0.0,0.0,0.0,1.0,0.0,0.0,0.0,1.0,1.0,0.0,0.0,0.0,0.0,0.0,0.0,1.0,0.0,0.0,0.0,0.0,0.0,0.0,0.0,1.0,0.0,1.0,1.0,1.0,1.0,1.0,1.0,0.0,1.0,1.0,1.0,0.0,1.0,2,4,124,1,Brunca,4,Brunca,5,bi-parental,1,11.981893141099999,0,1,1.5,5.0
8236,60000.0,1,2,1.0,0.0,0.0,0.0,0.0,0.0,0.0,1.0,1,0,1,0,2,2,1,2,3,3,3,21.6666666667,9.74109279747,6.0,3.55902608401,0.0,0.0,876,0,0,0.0,0.0,1.0,0.0,0.0,0.0,0.0,1.0,0.0,0.0,1.0,0.0,0.0,0.0,0.0,0.0,0.0,0.0,1.0,0.0,0.0,0.0,0.0,1.0,0.0,1.0,0.0,0.0,0.0,0.0,1.0,1.0,0.0,0.0,1.0,1.0,1.0,1.0,0.0,0.0,0.0,0.0,0.0,0.0,0.0,0.0,0.0,1.0,0.0,0.0,0.0,1.0,1.0,0.0,0.0,0.0,0.0,0.0,1.0,0.0,0.0,0.0,0.0,0.0,0.0,0.0,0.0,1.0,1.0,1.0,1.0,1.0,1.0,1.0,1.0,0.0,0.0,1.0,0.0,0.0,0.0,1,4,135,1,Brunca,4,Brunca,5,bi-parental,1,11.552155793499999,1,1,3.0,6.0
8061,20000.0,3,5,4.0,0.0,0.0,1.0,1.0,0.0,1.0,0.0,1,2,3,0,2,2,1,4,5,5,5,26.6,16.4996969669,5.2,2.71293199325,0.0,0.0,858,0,0,0.0,1.0,0.0,0.0,0.0,0.0,1.0,0.0,0.0,0.0,0.0,0.0,0.0,1.0,0.0,0.0,0.0,0.0,1.0,0.0,0.0,0.0,0.0,0.0,0.0,1.0,0.0,0.0,0.0,1.0,0.0,1.0,0.0,0.0,0.0,1.0,1.0,1.0,0.0,0.0,0.0,0.0,0.0,0.0,0.0,0.0,0.0,1.0,0.0,0.0,0.0,1.0,1.0,0.0,0.0,0.0,0.0,0.0,0.0,1.0,0.0,0.0,0.0,0.0,0.0,0.0,0.0,1.0,0.0,1.0,1.0,0.0,0.0,1.0,0.0,1.0,1.0,1.0,1.0,0.0,1.0,2,4,124,1,Brunca,4,Brunca,5,bi-parental,1,11.684258265899999,0,1,1.6666666666666667,5.0
8189,0.0,2,4,1.0,0.0,0.0,0.0,0.0,0.0,1.0,0.0,1,2,3,1,1,2,2,3,5,5,5,22.0,19.2145777992,2.8,2.63818119165,0.2,0.4,872,0,0,0.0,1.0,0.0,0.0,0.0,0.0,0.0,0.0,0.0,0.0,0.0,0.0,1.0,0.0,0.0,0.0,0.0,0.0,1.0,0.0,0.0,0.0,0.0,0.0,0.0,1.0,0.0,0.0,0.0,0.0,0.0,0.0,0.0,0.0,0.0,1.0,1.0,1.0,0.0,0.0,1.0,0.0,0.0,0.0,0.0,0.0,0.0,1.0,0.0,0.0,0.0,1.0,1.0,0.0,0.0,0.0,0.0,0.0,0.0,1.0,0.0,0.0,0.0,0.0,0.0,0.0,0.0,1.0,0.0,1.0,1.0,1.0,1.0,1.0,0.0,1.0,1.0,1.0,0.0,0.0,0.0,1,4,131,1,Brunca,4,Brunca,5,bi-parental,1,11.392800940199999,1,2,2.5,2.0
8058,75000.0,2,5,2.0,0.0,0.0,0.0,0.0,0.0,1.0,1.0,1,1,2,2,1,3,3,2,5,5,5,18.0,11.207140580899999,4.0,2.2803508502,0.0,0.0,858,0,0,0.0,0.0,1.0,0.0,0.0,0.0,0.0,1.0,0.0,0.0,1.0,0.0,0.0,0.0,0.0,0.0,0.0,0.0,1.0,0.0,0.0,0.0,0.0,1.0,1.0,0.0,0.0,0.0,0.0,1.0,0.0,1.0,0.0,0.0,1.0,1.0,1.0,1.0,0.0,0.0,0.0,0.0,0.0,0.0,0.0,0.0,0.0,1.0,0.0,0.0,0.0,1.0,1.0,0.0,0.0,0.0,0.0,0.0,0.0,1.0,0.0,0.0,0.0,0.0,0.0,0.0,0.0,1.0,0.0,1.0,1.0,1.0,1.0,1.0,0.0,0.0,0.0,1.0,1.0,1.0,0.0,0,4,124,1,Brunca,4,Brunca,5,bi-parental,1,10.6206588296,1,3,2.5,4.0
7908,76000.0,1,3,1.0,0.0,0.0,0.0,0.0,0.0,1.0,0.0,1,0,1,2,1,3,3,1,4,4,4,11.0,9.40744386111,3.0,4.63680924775,0.0,0.0,843,0,0,0.0,1.0,0.0,0.0,0.0,0.0,0.0,1.0,0.0,0.0,1.0,0.0,0.0,0.0,0.0,0.0,0.0,0.0,1.0,0.0,0.0,0.0,0.0,1.0,1.0,0.0,0.0,0.0,0.0,0.0,1.0,1.0,0.0,0.0,1.0,0.0,1.0,1.0,0.0,0.0,0.0,0.0,0.0,0.0,0.0,0.0,0.0,1.0,0.0,0.0,0.0,1.0,1.0,0.0,0.0,0.0,0.0,0.0,0.0,1.0,0.0,0.0,0.0,0.0,0.0,0.0,0.0,1.0,0.0,1.0,1.0,1.0,1.0,1.0,0.0,1.0,0.0,1.0,1.0,1.0,0.0,1,4,126,1,Brunca,4,Brunca,4,monoparental,1,11.1433244814,1,3,4.0,3.0
7983,0.0,3,5,2.0,0.0,1.0,1.0,0.0,1.0,1.0,1.0,0,0,0,2,1,3,2,1,3,3,3,21.0,16.2685791225,5.0,2.16024689947,0.0,0.0,851,0,0,0.0,1.0,0.0,0.0,0.0,0.0,0.0,0.0,0.0,0.0,0.0,0.0,0.0,1.0,0.0,0.0,0.0,0.0,1.0,0.0,0.0,0.0,0.0,1.0,1.0,0.0,0.0,0.0,0.0,0.0,1.0,0.0,1.0,0.0,1.0,1.0,1.0,1.0,0.0,0.0,0.0,0.0,0.0,0.0,0.0,0.0,0.0,1.0,0.0,0.0,0.0,1.0,1.0,0.0,0.0,0.0,0.0,0.0,1.0,0.0,0.0,0.0,0.0,0.0,0.0,0.0,0.0,1.0,0.0,1.0,0.0,0.0,1.0,0.0,0.0,0.0,0.0,1.0,1.0,0.0,1.0,0,4,124,1,Brunca,4,Brunca,4,monoparental,1,10.4943835759,1,2,1.0,5.0
8107,0.0,3,5,4.0,0.0,2.0,1.0,1.0,1.0,1.0,1.0,1,2,3,0,1,1,1,3,4,4,4,25.25,14.9394611683,8.75,4.602988159880001,0.0,0.0,863,0,0,0.0,0.0,1.0,0.0,0.0,0.0,0.0,0.0,0.0,0.0,1.0,0.0,0.0,0.0,0.0,0.0,0.0,0.0,1.0,0.0,0.0,0.0,0.0,1.0,1.0,0.0,0.0,0.0,0.0,0.0,1.0,0.0,0.0,0.0,1.0,1.0,1.0,1.0,0.0,0.0,0.0,0.0,0.0,0.0,0.0,0.0,0.0,1.0,0.0,0.0,0.0,1.0,1.0,0.0,0.0,0.0,0.0,0.0,0.0,1.0,0.0,0.0,0.0,0.0,0.0,0.0,0.0,1.0,0.0,1.0,0.0,0.0,0.0,0.0,0.0,0.0,1.0,0.0,1.0,1.0,0.0,2,4,135,1,Brunca,4,Brunca,5,bi-parental,1,12.445703648699999,0,1,1.3333333333333333,8.0
7937,610000.0,3,7,2.0,1.0,1.0,0.0,0.0,1.0,1.0,0.0,1,1,2,0,2,2,1,3,4,4,4,30.25,16.5283846761,9.75,3.96074487944,0.0,0.0,846,0,0,0.0,1.0,0.0,0.0,0.0,0.0,1.0,0.0,0.0,0.0,1.0,0.0,0.0,0.0,0.0,0.0,0.0,0.0,1.0,0.0,0.0,0.0,0.0,1.0,1.0,0.0,0.0,0.0,0.0,0.0,1.0,0.0,1.0,0.0,1.0,1.0,1.0,1.0,0.0,0.0,0.0,0.0,0.0,0.0,0.0,0.0,0.0,1.0,0.0,0.0,0.0,1.0,1.0,0.0,0.0,0.0,0.0,0.0,1.0,0.0,0.0,0.0,0.0,0.0,0.0,0.0,0.0,0.0,0.0,1.0,0.0,1.0,1.0,0.0,0.0,1.0,0.0,1.0,1.0,0.0,1.0,2,4,125,1,Brunca,4,Brunca,5,bi-parental,1,12.951673746700001,0,1,1.3333333333333333,9.0
8222,0.0,2,3,2.0,0.0,0.0,0.0,0.0,0.0,0.0,1.0,3,1,4,1,1,2,4,2,6,6,6,18.0,15.9895799403,2.83333333333,2.40947204913,0.0,0.0,875,0,0,0.0,1.0,0.0,0.0,0.0,0.0,0.0,0.0,0.0,0.0,1.0,0.0,0.0,0.0,0.0,0.0,0.0,0.0,1.0,0.0,0.0,0.0,0.0,0.0,1.0,0.0,0.0,0.0,0.0,1.0,0.0,0.0,0.0,1.0,0.0,1.0,1.0,1.0,0.0,0.0,1.0,0.0,0.0,0.0,0.0,0.0,0.0,0.0,0.0,1.0,0.0,1.0,1.0,0.0,0.0,0.0,0.0,0.0,0.0,1.0,0.0,0.0,0.0,0.0,0.0,0.0,0.0,1.0,1.0,1.0,1.0,1.0,1.0,1.0,1.0,0.0,1.0,0.0,1.0,1.0,0.0,0,4,120,1,Brunca,4,Brunca,5,bi-parental,1,9.76044439954,1,4,3.0,2.0
8165,0.0,3,5,3.0,0.0,0.0,0.0,0.0,0.0,0.0,1.0,0,2,2,1,1,2,1,3,4,4,4,30.25,15.6584641648,7.0,4.06201920232,0.0,0.0,869,0,0,0.0,1.0,0.0,0.0,0.0,0.0,0.0,0.0,0.0,0.0,0.0,0.0,0.0,1.0,0.0,0.0,0.0,0.0,1.0,0.0,0.0,0.0,0.0,1.0,1.0,0.0,0.0,0.0,0.0,0.0,1.0,0.0,1.0,0.0,1.0,1.0,1.0,1.0,0.0,0.0,0.0,0.0,0.0,0.0,0.0,0.0,0.0,1.0,0.0,0.0,0.0,1.0,1.0,0.0,0.0,0.0,0.0,0.0,0.0,1.0,0.0,0.0,0.0,0.0,0.0,0.0,0.0,1.0,0.0,1.0,1.0,1.0,1.0,1.0,1.0,0.0,0.0,1.0,0.0,0.0,0.0,1,4,160,1,Brunca,4,Brunca,5,bi-parental,1,11.411734024400001,1,1,1.3333333333333333,7.0
8139,0.0,2,4,3.0,0.0,0.0,0.0,0.0,0.0,1.0,0.0,1,1,2,1,1,2,2,2,4,4,4,22.0,14.177446878800001,4.0,2.44948974278,0.0,0.0,866,0,0,0.0,1.0,0.0,0.0,0.0,0.0,0.0,0.0,0.0,0.0,0.0,0.0,0.0,1.0,0.0,0.0,0.0,0.0,1.0,0.0,0.0,0.0,0.0,1.0,1.0,0.0,0.0,0.0,0.0,0.0,1.0,0.0,1.0,0.0,1.0,1.0,1.0,1.0,0.0,0.0,0.0,0.0,0.0,0.0,0.0,0.0,0.0,1.0,0.0,0.0,0.0,1.0,1.0,0.0,0.0,0.0,0.0,0.0,0.0,1.0,0.0,0.0,0.0,0.0,0.0,0.0,0.0,1.0,0.0,1.0,1.0,1.0,1.0,1.0,0.0,1.0,1.0,0.0,1.0,1.0,0.0,2,4,152,1,Brunca,4,Brunca,5,bi-parental,1,12.0683632228,0,2,2.0,4.0
7967,100000.0,3,5,2.0,0.0,1.0,0.0,3.0,0.0,1.0,0.0,1,0,1,2,2,4,3,2,5,5,5,12.8,8.42377587546,3.2,3.1240998703600003,0.0,0.0,849,0,0,0.0,1.0,0.0,0.0,0.0,0.0,0.0,1.0,0.0,0.0,0.0,0.0,0.0,1.0,0.0,0.0,0.0,0.0,1.0,0.0,0.0,0.0,0.0,1.0,1.0,0.0,0.0,0.0,0.0,1.0,0.0,0.0,1.0,0.0,1.0,1.0,1.0,1.0,0.0,0.0,0.0,0.0,0.0,0.0,0.0,0.0,1.0,0.0,0.0,0.0,0.0,1.0,1.0,0.0,0.0,0.0,0.0,0.0,1.0,0.0,0.0,0.0,0.0,0.0,0.0,0.0,0.0,1.0,0.0,1.0,0.0,1.0,0.0,1.0,0.0,1.0,1.0,1.0,1.0,1.0,0.0,1,4,124,1,Brunca,4,Brunca,5,bi-parental,1,11.475130135499999,1,3,1.6666666666666667,3.0
8087,100000.0,3,6,4.0,0.0,1.0,0.0,0.0,1.0,3.0,1.0,1,2,3,0,1,1,1,3,4,4,4,24.75,12.5772612281,8.25,3.69966214674,0.0,0.0,861,0,0,0.0,1.0,0.0,0.0,0.0,0.0,1.0,0.0,0.0,0.0,0.0,0.0,1.0,0.0,0.0,0.0,0.0,0.0,1.0,0.0,0.0,0.0,0.0,1.0,1.0,0.0,0.0,0.0,0.0,0.0,1.0,0.0,1.0,0.0,1.0,1.0,1.0,1.0,0.0,0.0,0.0,0.0,0.0,0.0,0.0,0.0,0.0,1.0,0.0,0.0,0.0,1.0,1.0,0.0,0.0,0.0,0.0,0.0,0.0,1.0,0.0,0.0,0.0,0.0,0.0,0.0,0.0,1.0,0.0,1.0,0.0,1.0,1.0,0.0,0.0,0.0,0.0,1.0,1.0,0.0,1.0,1,4,126,1,Brunca,4,Brunca,5,bi-parental,1,11.2897944136,1,1,1.3333333333333333,8.0
8034,0.0,3,5,3.0,0.0,1.0,1.0,0.0,1.0,1.0,0.0,1,1,2,0,2,2,1,3,4,4,4,31.5,18.5809041761,7.0,4.527692569069999,0.0,0.0,855,0,0,0.0,1.0,0.0,0.0,0.0,0.0,0.0,0.0,0.0,0.0,0.0,1.0,0.0,0.0,0.0,0.0,0.0,0.0,1.0,0.0,0.0,0.0,0.0,0.0,1.0,0.0,0.0,0.0,0.0,0.0,0.0,0.0,0.0,1.0,0.0,1.0,1.0,1.0,0.0,0.0,0.0,0.0,0.0,0.0,0.0,0.0,0.0,1.0,0.0,0.0,0.0,1.0,1.0,0.0,0.0,0.0,0.0,0.0,0.0,1.0,0.0,0.0,0.0,0.0,0.0,0.0,0.0,1.0,0.0,1.0,0.0,0.0,1.0,0.0,0.0,1.0,0.0,1.0,1.0,1.0,0.0,2,4,124,1,Brunca,4,Brunca,5,bi-parental,1,12.1199756231,0,1,1.3333333333333333,7.0
8031,100000.0,3,6,2.0,0.0,0.0,0.0,1.0,0.0,1.0,0.0,0,0,0,3,2,5,3,2,5,5,5,14.6,10.9471457467,4.6,4.029888335919998,0.0,0.0,855,0,0,0.0,1.0,0.0,0.0,0.0,0.0,0.0,1.0,0.0,0.0,1.0,0.0,0.0,0.0,0.0,0.0,0.0,0.0,1.0,0.0,0.0,0.0,0.0,1.0,1.0,0.0,0.0,0.0,0.0,1.0,0.0,1.0,0.0,1.0,0.0,1.0,1.0,1.0,0.0,0.0,0.0,0.0,0.0,0.0,0.0,0.0,0.0,1.0,0.0,0.0,0.0,1.0,1.0,0.0,0.0,0.0,0.0,0.0,1.0,0.0,0.0,0.0,0.0,0.0,0.0,0.0,0.0,1.0,0.0,1.0,1.0,1.0,0.0,1.0,0.0,1.0,0.0,1.0,1.0,1.0,0.0,0,4,124,1,Brunca,4,Brunca,4,monoparental,1,10.6406755417,1,3,1.6666666666666667,4.0
7903,280000.0,4,7,3.0,1.0,1.0,0.0,1.0,1.0,5.0,0.0,1,0,1,0,2,2,1,2,3,3,3,21.0,14.1656862406,7.666666666669999,6.0184900284200005,0.333333333333,0.471404520791,843,0,0,0.0,1.0,0.0,0.0,0.0,0.0,0.0,1.0,0.0,0.0,1.0,0.0,0.0,0.0,0.0,0.0,0.0,0.0,1.0,0.0,0.0,0.0,0.0,1.0,1.0,0.0,0.0,0.0,0.0,0.0,1.0,0.0,1.0,0.0,1.0,1.0,1.0,1.0,0.0,0.0,0.0,0.0,0.0,0.0,0.0,0.0,1.0,0.0,0.0,0.0,0.0,1.0,1.0,0.0,0.0,0.0,0.0,0.0,1.0,0.0,0.0,0.0,0.0,0.0,0.0,0.0,0.0,0.0,0.0,1.0,0.0,1.0,0.0,0.0,0.0,1.0,0.0,1.0,1.0,0.0,1.0,2,4,126,1,Brunca,4,Brunca,4,monoparental,1,13.742465320099999,0,1,0.75,7.0
8137,55000.0,2,3,2.0,0.0,0.0,0.0,0.0,1.0,1.0,0.0,1,1,2,1,1,2,2,2,4,4,4,25.0,19.1702895127,3.75,2.27760839479,0.0,0.0,866,0,0,0.0,0.0,1.0,0.0,0.0,0.0,0.0,1.0,0.0,0.0,1.0,0.0,0.0,0.0,0.0,0.0,0.0,0.0,1.0,0.0,0.0,0.0,0.0,0.0,0.0,1.0,0.0,0.0,0.0,1.0,0.0,1.0,0.0,1.0,0.0,1.0,1.0,1.0,0.0,0.0,0.0,1.0,0.0,0.0,0.0,0.0,1.0,0.0,0.0,0.0,0.0,1.0,1.0,0.0,0.0,0.0,0.0,0.0,0.0,1.0,0.0,0.0,0.0,0.0,0.0,0.0,0.0,1.0,0.0,1.0,1.0,1.0,1.0,0.0,0.0,1.0,1.0,1.0,1.0,1.0,0.0,2,4,152,1,Brunca,4,Brunca,5,bi-parental,1,11.633199469700001,0,2,2.0,3.0
8224,0.0,1,2,1.0,0.0,0.0,0.0,0.0,0.0,2.0,0.0,0,0,0,1,1,2,1,1,2,2,2,17.5,10.5,8.0,7.0,0.0,0.0,875,0,0,0.0,1.0,0.0,0.0,0.0,0.0,0.0,0.0,0.0,0.0,0.0,0.0,0.0,1.0,0.0,0.0,0.0,0.0,1.0,0.0,0.0,0.0,0.0,1.0,1.0,0.0,0.0,0.0,0.0,1.0,0.0,1.0,0.0,1.0,0.0,1.0,1.0,1.0,0.0,0.0,0.0,0.0,0.0,0.0,0.0,0.0,0.0,1.0,0.0,0.0,0.0,1.0,1.0,0.0,0.0,0.0,0.0,0.0,0.0,1.0,0.0,0.0,0.0,0.0,0.0,0.0,0.0,1.0,0.0,1.0,1.0,1.0,1.0,1.0,0.0,1.0,0.0,1.0,1.0,0.0,1.0,2,4,120,1,Brunca,4,Brunca,4,monoparental,1,11.957617696500002,0,1,2.0,8.0
8068,0.0,2,5,3.0,0.0,0.0,0.0,0.0,1.0,1.0,1.0,1,2,3,0,1,1,1,3,4,4,4,21.75,12.9687123493,4.25,2.68095132369,0.0,0.0,859,0,0,0.0,1.0,0.0,0.0,0.0,0.0,0.0,0.0,0.0,0.0,0.0,0.0,0.0,1.0,0.0,0.0,0.0,0.0,1.0,0.0,0.0,0.0,0.0,1.0,1.0,0.0,0.0,0.0,0.0,0.0,1.0,0.0,1.0,0.0,1.0,1.0,1.0,1.0,0.0,0.0,0.0,0.0,0.0,0.0,0.0,0.0,0.0,1.0,0.0,0.0,0.0,1.0,1.0,0.0,0.0,0.0,0.0,0.0,0.0,1.0,0.0,0.0,0.0,0.0,0.0,0.0,0.0,1.0,0.0,1.0,1.0,1.0,1.0,0.0,0.0,0.0,0.0,1.0,0.0,0.0,0.0,2,4,126,1,Brunca,4,Brunca,5,bi-parental,1,12.379249769100001,0,1,2.0,4.0
7837,0.0,2,4,4.0,0.0,1.0,0.0,1.0,1.0,2.0,0.0,0,1,1,1,3,4,1,4,5,5,5,21.2,10.6845683114,6.4,3.38230690506,0.0,0.0,837,0,0,0.0,1.0,0.0,0.0,0.0,0.0,0.0,0.0,0.0,1.0,0.0,0.0,0.0,0.0,0.0,1.0,0.0,0.0,1.0,0.0,0.0,0.0,0.0,1.0,1.0,0.0,0.0,0.0,0.0,1.0,0.0,1.0,0.0,0.0,1.0,1.0,1.0,1.0,0.0,0.0,0.0,0.0,0.0,0.0,0.0,0.0,0.0,1.0,0.0,0.0,0.0,1.0,1.0,0.0,0.0,0.0,0.0,0.0,0.0,1.0,0.0,0.0,0.0,0.0,0.0,0.0,0.0,1.0,0.0,1.0,0.0,1.0,0.0,0.0,0.0,1.0,0.0,1.0,1.0,0.0,1.0,2,4,116,1,Brunca,4,Brunca,5,bi-parental,1,11.691902546300001,0,1,2.5,6.0
7882,0.0,4,7,3.0,1.0,0.0,0.0,0.0,0.0,1.0,2.0,1,3,4,0,2,2,1,5,6,6,6,31.6666666667,18.8561808316,8.833333333330001,4.13991411612,0.166666666667,0.37267799625,841,0,0,0.0,1.0,0.0,0.0,0.0,0.0,0.0,0.0,0.0,0.0,1.0,0.0,0.0,0.0,0.0,0.0,0.0,0.0,1.0,0.0,0.0,0.0,0.0,1.0,1.0,0.0,0.0,0.0,0.0,1.0,0.0,0.0,1.0,0.0,1.0,1.0,1.0,1.0,0.0,0.0,0.0,0.0,0.0,0.0,0.0,0.0,0.0,0.0,1.0,0.0,0.0,1.0,1.0,0.0,0.0,0.0,0.0,0.0,0.0,1.0,0.0,0.0,0.0,0.0,0.0,0.0,0.0,0.0,0.0,1.0,1.0,1.0,1.0,1.0,0.0,0.0,0.0,1.0,0.0,0.0,0.0,2,4,124,1,Brunca,4,Brunca,5,bi-parental,1,12.4469773081,0,1,1.5,8.0
8133,0.0,2,5,2.0,0.0,1.0,0.0,0.0,1.0,2.0,1.0,0,1,1,1,1,2,1,2,3,3,3,20.6666666667,13.0979218029,7.333333333330001,5.1854497287,0.0,0.0,865,0,0,0.0,0.0,1.0,0.0,0.0,0.0,0.0,0.0,0.0,0.0,1.0,0.0,0.0,0.0,0.0,0.0,0.0,0.0,1.0,0.0,0.0,0.0,0.0,1.0,1.0,0.0,0.0,0.0,0.0,0.0,1.0,0.0,1.0,0.0,1.0,1.0,1.0,1.0,0.0,0.0,1.0,0.0,0.0,0.0,0.0,0.0,0.0,1.0,0.0,0.0,0.0,1.0,1.0,0.0,0.0,0.0,0.0,0.0,1.0,0.0,0.0,0.0,0.0,0.0,0.0,0.0,0.0,1.0,0.0,1.0,0.0,1.0,1.0,0.0,0.0,0.0,0.0,1.0,1.0,0.0,1.0,2,4,131,1,Brunca,4,Brunca,5,bi-parental,1,12.5899795408,0,1,1.5,7.0
8025,40000.0,2,4,2.0,0.0,0.0,0.0,0.0,0.0,0.0,1.0,1,0,1,0,2,2,1,2,3,3,3,21.3333333333,17.1723291632,3.0,4.24264068712,0.0,0.0,855,0,0,0.0,1.0,0.0,0.0,0.0,0.0,0.0,1.0,0.0,0.0,0.0,1.0,0.0,0.0,0.0,0.0,0.0,0.0,1.0,0.0,0.0,0.0,0.0,0.0,0.0,1.0,0.0,0.0,0.0,0.0,0.0,0.0,0.0,0.0,0.0,1.0,1.0,1.0,0.0,0.0,0.0,0.0,0.0,0.0,0.0,0.0,0.0,1.0,0.0,0.0,0.0,1.0,1.0,0.0,0.0,0.0,0.0,0.0,0.0,1.0,0.0,0.0,0.0,0.0,0.0,0.0,0.0,1.0,0.0,1.0,1.0,1.0,1.0,1.0,1.0,0.0,1.0,1.0,1.0,1.0,0.0,0,4,124,1,Brunca,4,Brunca,5,bi-parental,1,10.684363214,1,1,1.5,3.0
8046,70000.0,2,4,4.0,1.0,1.0,0.0,2.0,1.0,1.0,1.0,0,1,1,1,2,3,1,3,4,4,4,26.5,15.206906325699999,8.5,4.716990566030001,0.0,0.0,857,0,0,0.0,1.0,0.0,0.0,0.0,0.0,1.0,0.0,0.0,0.0,1.0,0.0,0.0,0.0,0.0,0.0,0.0,0.0,1.0,0.0,0.0,0.0,0.0,1.0,1.0,0.0,0.0,0.0,0.0,1.0,0.0,1.0,0.0,1.0,0.0,1.0,1.0,1.0,0.0,0.0,0.0,0.0,0.0,0.0,0.0,0.0,0.0,1.0,0.0,0.0,0.0,1.0,1.0,0.0,0.0,0.0,0.0,0.0,1.0,0.0,0.0,0.0,0.0,0.0,0.0,0.0,0.0,0.0,0.0,1.0,0.0,1.0,0.0,0.0,0.0,0.0,1.0,1.0,1.0,0.0,1.0,2,4,125,1,Brunca,4,Brunca,5,bi-parental,1,12.8636915209,0,1,2.0,8.0
7988,0.0,3,5,2.0,0.0,1.0,0.0,0.0,0.0,0.0,1.0,1,1,2,0,1,1,1,2,3,3,3,25.0,13.4907375632,5.33333333333,1.6996731712,0.0,0.0,851,0,0,0.0,0.0,1.0,0.0,0.0,0.0,0.0,0.0,0.0,0.0,1.0,0.0,0.0,0.0,0.0,0.0,0.0,0.0,1.0,0.0,0.0,0.0,0.0,1.0,1.0,0.0,0.0,0.0,0.0,0.0,1.0,0.0,1.0,0.0,1.0,1.0,1.0,1.0,0.0,0.0,0.0,0.0,0.0,0.0,0.0,0.0,0.0,1.0,0.0,0.0,0.0,1.0,1.0,0.0,0.0,0.0,0.0,0.0,0.0,1.0,0.0,0.0,0.0,0.0,0.0,0.0,0.0,1.0,0.0,1.0,0.0,1.0,1.0,1.0,1.0,0.0,1.0,1.0,1.0,0.0,1.0,2,4,124,1,Brunca,4,Brunca,5,bi-parental,1,11.9277862947,0,1,1.0,5.0
8225,0.0,3,5,0.0,0.0,0.0,0.0,0.0,0.0,1.0,0.0,1,1,2,1,1,2,2,2,4,4,4,21.0,13.656500283699998,5.0,3.60555127546,0.0,0.0,875,0,0,0.0,1.0,0.0,0.0,0.0,0.0,0.0,0.0,0.0,0.0,0.0,1.0,0.0,0.0,0.0,0.0,0.0,0.0,1.0,0.0,0.0,0.0,0.0,0.0,0.0,1.0,0.0,0.0,0.0,1.0,0.0,1.0,0.0,1.0,0.0,1.0,1.0,1.0,0.0,0.0,1.0,0.0,0.0,0.0,0.0,0.0,0.0,1.0,0.0,0.0,0.0,1.0,1.0,0.0,0.0,0.0,0.0,0.0,0.0,1.0,0.0,0.0,0.0,0.0,0.0,0.0,1.0,1.0,0.0,1.0,1.0,1.0,1.0,1.0,0.0,1.0,1.0,1.0,0.0,0.0,0.0,0,4,120,1,Brunca,4,Brunca,5,bi-parental,1,10.4843335198,1,2,1.3333333333333333,5.0
7865,350000.0,2,5,4.0,0.0,2.0,0.0,1.0,1.0,1.0,0.0,0,2,2,1,1,2,1,3,4,4,4,30.0,16.1400123916,9.5,4.60977222865,0.0,0.0,839,0,0,0.0,1.0,0.0,0.0,0.0,0.0,1.0,0.0,0.0,0.0,1.0,0.0,0.0,0.0,0.0,0.0,0.0,0.0,1.0,0.0,0.0,0.0,0.0,1.0,1.0,0.0,0.0,0.0,0.0,0.0,1.0,0.0,1.0,0.0,1.0,1.0,1.0,1.0,0.0,0.0,0.0,0.0,0.0,0.0,0.0,0.0,0.0,1.0,0.0,0.0,0.0,1.0,1.0,0.0,0.0,0.0,0.0,0.0,0.0,1.0,0.0,0.0,0.0,0.0,0.0,0.0,0.0,1.0,0.0,1.0,0.0,1.0,0.0,0.0,0.0,1.0,1.0,1.0,0.0,0.0,0.0,2,4,122,1,Brunca,4,Brunca,5,bi-parental,1,13.073793144000001,0,1,2.0,9.0
8233,0.0,2,4,2.0,1.0,1.0,0.0,0.0,1.0,1.0,1.0,0,1,1,1,1,2,1,2,3,3,3,36.6666666667,18.1536650723,11.0,5.715476066490001,0.0,0.0,876,0,0,0.0,1.0,0.0,0.0,0.0,0.0,0.0,0.0,0.0,0.0,0.0,0.0,0.0,1.0,0.0,0.0,0.0,0.0,1.0,0.0,0.0,0.0,0.0,1.0,1.0,0.0,0.0,0.0,0.0,1.0,0.0,0.0,0.0,1.0,0.0,1.0,1.0,1.0,0.0,0.0,0.0,0.0,0.0,0.0,0.0,0.0,0.0,1.0,0.0,0.0,0.0,1.0,1.0,0.0,0.0,0.0,0.0,0.0,0.0,1.0,0.0,0.0,0.0,0.0,0.0,0.0,0.0,0.0,0.0,1.0,0.0,1.0,1.0,0.0,0.0,0.0,0.0,1.0,1.0,0.0,1.0,2,4,135,1,Brunca,4,Brunca,5,bi-parental,1,13.069473018900002,0,1,1.5,11.0
7871,0.0,3,6,3.0,0.0,2.0,0.0,0.0,0.0,2.0,0.0,1,1,2,1,2,3,2,3,5,5,5,30.6,29.1245600825,6.2,6.4930732323,0.0,0.0,840,0,0,0.0,0.0,1.0,0.0,0.0,0.0,0.0,0.0,0.0,0.0,1.0,0.0,0.0,0.0,0.0,0.0,0.0,0.0,1.0,0.0,0.0,0.0,0.0,1.0,1.0,0.0,0.0,0.0,0.0,0.0,1.0,0.0,1.0,0.0,1.0,1.0,1.0,1.0,0.0,0.0,0.0,0.0,0.0,0.0,0.0,0.0,0.0,1.0,0.0,0.0,0.0,1.0,1.0,0.0,0.0,0.0,0.0,0.0,0.0,1.0,0.0,0.0,0.0,0.0,0.0,0.0,0.0,1.0,0.0,1.0,0.0,1.0,1.0,1.0,0.0,1.0,0.0,1.0,1.0,0.0,1.0,1,4,151,1,Brunca,4,Brunca,5,bi-parental,1,11.4556599866,1,2,1.6666666666666667,6.0
8017,70000.0,3,5,2.0,0.0,0.0,0.0,0.0,1.0,2.0,0.0,1,1,2,0,1,1,1,2,3,3,3,24.6666666667,13.2245562833,6.0,4.32049379894,0.0,0.0,854,0,0,0.0,1.0,0.0,0.0,0.0,0.0,0.0,1.0,0.0,0.0,0.0,0.0,0.0,1.0,0.0,0.0,0.0,0.0,1.0,0.0,0.0,0.0,0.0,1.0,1.0,0.0,0.0,0.0,0.0,0.0,1.0,0.0,1.0,0.0,1.0,1.0,1.0,1.0,0.0,0.0,0.0,0.0,0.0,0.0,0.0,0.0,0.0,1.0,0.0,0.0,0.0,1.0,1.0,0.0,0.0,0.0,0.0,0.0,0.0,1.0,0.0,0.0,0.0,0.0,0.0,0.0,0.0,1.0,0.0,1.0,1.0,1.0,1.0,0.0,0.0,1.0,0.0,1.0,0.0,0.0,0.0,2,4,137,1,Brunca,4,Brunca,5,bi-parental,1,11.775297421700001,0,1,1.0,6.0
8092,0.0,3,5,3.0,0.0,0.0,0.0,0.0,0.0,1.0,3.0,1,2,3,2,2,4,3,4,7,7,7,29.1428571429,24.0322912018,3.14285714286,2.74791200881,0.14285714285700002,0.34992710611199995,861,0,0,0.0,0.0,1.0,0.0,0.0,0.0,0.0,0.0,0.0,0.0,1.0,0.0,0.0,0.0,0.0,0.0,0.0,0.0,1.0,0.0,0.0,0.0,0.0,0.0,0.0,1.0,0.0,0.0,0.0,0.0,0.0,0.0,0.0,0.0,0.0,1.0,1.0,1.0,0.0,0.0,0.0,0.0,0.0,0.0,0.0,0.0,0.0,1.0,0.0,0.0,0.0,1.0,1.0,0.0,0.0,0.0,0.0,0.0,1.0,0.0,0.0,0.0,0.0,0.0,0.0,0.0,0.0,1.0,0.0,1.0,1.0,1.0,1.0,1.0,0.0,0.0,0.0,1.0,1.0,1.0,0.0,0,4,126,1,Brunca,4,Brunca,5,bi-parental,1,10.6895296609,1,3,2.333333333333333,3.0
8001,70000.0,3,5,4.0,0.0,1.0,0.0,1.0,2.0,1.0,0.0,1,1,2,0,2,2,1,3,4,4,4,20.75,9.283722313810001,6.75,1.78535710714,0.0,0.0,852,0,0,0.0,1.0,0.0,0.0,0.0,0.0,0.0,1.0,0.0,0.0,1.0,0.0,0.0,0.0,0.0,0.0,0.0,0.0,1.0,0.0,0.0,0.0,0.0,1.0,1.0,0.0,0.0,0.0,0.0,0.0,1.0,0.0,1.0,0.0,1.0,1.0,1.0,1.0,0.0,0.0,0.0,0.0,0.0,0.0,0.0,0.0,0.0,1.0,0.0,0.0,0.0,1.0,1.0,0.0,0.0,0.0,0.0,0.0,0.0,1.0,0.0,0.0,0.0,0.0,0.0,0.0,0.0,1.0,0.0,1.0,0.0,1.0,0.0,0.0,0.0,1.0,0.0,1.0,1.0,1.0,0.0,2,4,123,1,Brunca,4,Brunca,5,bi-parental,1,11.775297421700001,0,1,1.3333333333333333,6.0
8124,160000.0,2,4,2.0,0.0,1.0,0.0,1.0,1.0,2.0,0.0,1,1,2,0,1,1,1,2,3,3,3,18.0,11.3431330181,9.0,6.48074069841,0.0,0.0,865,0,0,0.0,0.0,1.0,0.0,0.0,0.0,0.0,1.0,0.0,0.0,1.0,0.0,0.0,0.0,0.0,0.0,0.0,0.0,0.0,0.0,1.0,0.0,0.0,1.0,1.0,0.0,0.0,0.0,0.0,0.0,1.0,0.0,1.0,0.0,1.0,1.0,1.0,1.0,0.0,0.0,0.0,0.0,0.0,0.0,0.0,0.0,0.0,1.0,0.0,0.0,0.0,1.0,1.0,0.0,0.0,0.0,0.0,0.0,1.0,0.0,0.0,0.0,0.0,0.0,0.0,0.0,0.0,1.0,0.0,1.0,0.0,1.0,0.0,0.0,0.0,1.0,0.0,1.0,1.0,0.0,1.0,2,4,131,1,Brunca,4,Brunca,5,bi-parental,1,13.2332344818,0,1,1.5,9.0
7973,0.0,2,5,2.0,0.0,1.0,0.0,0.0,1.0,0.0,1.0,0,1,1,3,1,4,3,2,5,5,5,16.2,12.2865780427,3.2,4.0693979898800015,0.0,0.0,850,0,0,0.0,1.0,0.0,0.0,0.0,0.0,0.0,0.0,0.0,0.0,0.0,0.0,0.0,1.0,0.0,0.0,0.0,0.0,1.0,0.0,0.0,0.0,0.0,1.0,1.0,0.0,0.0,0.0,0.0,0.0,1.0,0.0,1.0,0.0,1.0,1.0,1.0,1.0,0.0,0.0,0.0,0.0,0.0,0.0,0.0,0.0,0.0,1.0,0.0,0.0,0.0,1.0,1.0,0.0,0.0,0.0,0.0,0.0,0.0,1.0,0.0,0.0,1.0,0.0,0.0,0.0,0.0,1.0,0.0,1.0,0.0,1.0,1.0,0.0,1.0,0.0,1.0,1.0,1.0,0.0,1.0,0,4,126,1,Brunca,4,Brunca,5,bi-parental,1,10.634917506499999,1,3,2.5,3.0
8011,0.0,1,2,4.0,0.0,0.0,0.0,0.0,0.0,1.0,0.0,0,2,2,1,2,3,1,4,5,5,5,22.0,17.618172436400002,6.8,3.96988664826,0.0,0.0,853,0,0,0.0,1.0,0.0,0.0,0.0,0.0,0.0,0.0,0.0,0.0,1.0,0.0,0.0,0.0,0.0,0.0,0.0,0.0,1.0,0.0,0.0,0.0,0.0,1.0,1.0,0.0,0.0,0.0,0.0,0.0,1.0,0.0,1.0,0.0,1.0,0.0,0.0,1.0,0.0,0.0,0.0,0.0,0.0,0.0,0.0,0.0,0.0,1.0,0.0,0.0,0.0,1.0,1.0,0.0,0.0,0.0,0.0,0.0,1.0,0.0,0.0,0.0,0.0,0.0,0.0,0.0,0.0,1.0,0.0,1.0,1.0,1.0,1.0,1.0,0.0,1.0,0.0,1.0,1.0,0.0,1.0,2,4,117,1,Brunca,4,Brunca,5,bi-parental,1,12.4547007949,0,1,5.0,6.0
7906,0.0,3,5,4.0,0.0,0.0,0.0,0.0,1.0,2.0,0.0,0,2,2,1,2,3,1,4,5,5,5,34.0,20.1891059733,8.6,5.5713553108700005,0.0,0.0,843,0,0,0.0,0.0,1.0,0.0,0.0,0.0,0.0,0.0,0.0,0.0,1.0,0.0,0.0,0.0,0.0,0.0,0.0,0.0,1.0,0.0,0.0,0.0,0.0,1.0,1.0,0.0,0.0,0.0,0.0,1.0,0.0,0.0,1.0,1.0,0.0,1.0,1.0,1.0,0.0,0.0,0.0,0.0,0.0,0.0,0.0,0.0,1.0,0.0,0.0,0.0,0.0,1.0,1.0,0.0,0.0,0.0,0.0,0.0,1.0,0.0,0.0,0.0,0.0,0.0,0.0,0.0,0.0,1.0,0.0,1.0,1.0,1.0,1.0,0.0,0.0,1.0,0.0,1.0,1.0,0.0,1.0,2,4,126,1,Brunca,4,Brunca,5,bi-parental,1,12.2430097275,0,1,1.6666666666666667,8.0
